Hardware Time,Global Time\Signal,CAN1.Diag703.Diag703_Resp_0,CAN1.Diag703.Diag703_Resp_1,CAN1.Diag703.Diag703_Resp_2,CAN1.Diag703.Diag703_Resp_3,CAN1.Diag703.Diag703_Resp_4,CAN1.Diag703.Diag703_Resp_5,CAN1.Diag703.Diag703_Resp_6,CAN1.Diag703.Diag703_Resp_7,Raw Data
363.243977,2021-05-21 22:03:03.243,16,76,113,0,0,65,13,0,CAN=363.243977 Rx 0 $703 D 8 10 4C 71 00 00 41 0D 00 
363.244991,2021-05-21 22:03:03.244,33,0,0,9,0,0,0,25,CAN=363.244991 Rx 0 $703 D 8 21 00 00 09 00 00 00 19 
363.295068,2021-05-21 22:03:03.295,34,0,0,0,15,49,0,0,CAN=363.295068 Rx 0 $703 D 8 22 00 00 00 0F 31 00 00 
363.346057,2021-05-21 22:03:03.346,35,18,49,0,0,16,49,0,CAN=363.346057 Rx 0 $703 D 8 23 12 31 00 00 10 31 00 
363.39706,2021-05-21 22:03:03.397,36,0,228,48,0,0,237,48,CAN=363.39706 Rx 0 $703 D 8 24 00 E4 30 00 00 ED 30 
363.448055,2021-05-21 22:03:03.448,37,0,0,233,48,0,0,25,CAN=363.448055 Rx 0 $703 D 8 25 00 00 E9 30 00 00 19 
363.499055,2021-05-21 22:03:03.499,38,0,0,0,25,0,0,0,CAN=363.499055 Rx 0 $703 D 8 26 00 00 00 19 00 00 00 
363.550049,2021-05-21 22:03:03.550,39,25,0,0,0,152,5,0,CAN=363.550049 Rx 0 $703 D 8 27 19 00 00 00 98 05 00 
363.601045,2021-05-21 22:03:03.601,40,0,150,5,0,0,150,5,CAN=363.601045 Rx 0 $703 D 8 28 00 96 05 00 00 96 05 
363.652042,2021-05-21 22:03:03.652,41,0,0,25,0,0,0,25,CAN=363.652042 Rx 0 $703 D 8 29 00 00 19 00 00 00 19 
363.703043,2021-05-21 22:03:03.703,42,0,0,0,25,0,0,0,CAN=363.703043 Rx 0 $703 D 8 2A 00 00 00 19 00 00 00 
363.808733,2021-05-21 22:03:03.808,16,76,113,0,0,65,13,0,CAN=363.808733 Rx 0 $703 D 8 10 4C 71 00 00 41 0D 00 
363.810096,2021-05-21 22:03:03.810,33,0,0,9,0,0,0,25,CAN=363.810096 Rx 0 $703 D 8 21 00 00 09 00 00 00 19 
363.861028,2021-05-21 22:03:03.861,34,0,0,0,15,49,0,0,CAN=363.861028 Rx 0 $703 D 8 22 00 00 00 0F 31 00 00 
363.912019,2021-05-21 22:03:03.912,35,18,49,0,0,16,49,0,CAN=363.912019 Rx 0 $703 D 8 23 12 31 00 00 10 31 00 
363.963022,2021-05-21 22:03:03.963,36,0,228,48,0,0,237,48,CAN=363.963022 Rx 0 $703 D 8 24 00 E4 30 00 00 ED 30 
364.014017,2021-05-21 22:03:04.014,37,0,0,233,48,0,0,25,CAN=364.014017 Rx 0 $703 D 8 25 00 00 E9 30 00 00 19 
364.065018,2021-05-21 22:03:04.065,38,0,0,0,25,0,0,0,CAN=364.065018 Rx 0 $703 D 8 26 00 00 00 19 00 00 00 
364.116011,2021-05-21 22:03:04.116,39,25,0,0,0,152,5,0,CAN=364.116011 Rx 0 $703 D 8 27 19 00 00 00 98 05 00 
364.167006,2021-05-21 22:03:04.167,40,0,150,5,0,0,150,5,CAN=364.167006 Rx 0 $703 D 8 28 00 96 05 00 00 96 05 
364.218004,2021-05-21 22:03:04.218,41,0,0,25,0,0,0,25,CAN=364.218004 Rx 0 $703 D 8 29 00 00 19 00 00 00 19 
364.269005,2021-05-21 22:03:04.269,42,0,0,0,25,0,0,0,CAN=364.269005 Rx 0 $703 D 8 2A 00 00 00 19 00 00 00 
364.373898,2021-05-21 22:03:04.373,16,76,113,0,0,65,13,0,CAN=364.373898 Rx 0 $703 D 8 10 4C 71 00 00 41 0D 00 
364.375446,2021-05-21 22:03:04.375,33,0,0,9,0,0,0,25,CAN=364.375446 Rx 0 $703 D 8 21 00 00 09 00 00 00 19 
364.425991,2021-05-21 22:03:04.425,34,0,0,0,14,49,0,0,CAN=364.425991 Rx 0 $703 D 8 22 00 00 00 0E 31 00 00 
364.476984,2021-05-21 22:03:04.476,35,15,49,0,0,18,49,0,CAN=364.476984 Rx 0 $703 D 8 23 0F 31 00 00 12 31 00 
364.527987,2021-05-21 22:03:04.527,36,0,231,48,0,0,232,48,CAN=364.527987 Rx 0 $703 D 8 24 00 E7 30 00 00 E8 30 
364.578979,2021-05-21 22:03:04.578,37,0,0,230,48,0,0,25,CAN=364.578979 Rx 0 $703 D 8 25 00 00 E6 30 00 00 19 
364.629979,2021-05-21 22:03:04.629,38,0,0,0,25,0,0,0,CAN=364.629979 Rx 0 $703 D 8 26 00 00 00 19 00 00 00 
364.680971,2021-05-21 22:03:04.680,39,25,0,0,0,151,5,0,CAN=364.680971 Rx 0 $703 D 8 27 19 00 00 00 97 05 00 
364.731968,2021-05-21 22:03:04.731,40,0,150,5,0,0,150,5,CAN=364.731968 Rx 0 $703 D 8 28 00 96 05 00 00 96 05 
364.782967,2021-05-21 22:03:04.782,41,0,0,25,0,0,0,25,CAN=364.782967 Rx 0 $703 D 8 29 00 00 19 00 00 00 19 
364.833966,2021-05-21 22:03:04.833,42,0,0,0,25,0,0,0,CAN=364.833966 Rx 0 $703 D 8 2A 00 00 00 19 00 00 00 
364.938657,2021-05-21 22:03:04.938,16,76,113,0,0,65,13,0,CAN=364.938657 Rx 0 $703 D 8 10 4C 71 00 00 41 0D 00 
364.939809,2021-05-21 22:03:04.939,33,0,0,9,0,0,0,25,CAN=364.939809 Rx 0 $703 D 8 21 00 00 09 00 00 00 19 
364.989952,2021-05-21 22:03:04.989,34,0,0,0,14,49,0,0,CAN=364.989952 Rx 0 $703 D 8 22 00 00 00 0E 31 00 00 
365.040945,2021-05-21 22:03:05.040,35,15,49,0,0,18,49,0,CAN=365.040945 Rx 0 $703 D 8 23 0F 31 00 00 12 31 00 
365.091948,2021-05-21 22:03:05.091,36,0,231,48,0,0,232,48,CAN=365.091948 Rx 0 $703 D 8 24 00 E7 30 00 00 E8 30 
365.142943,2021-05-21 22:03:05.142,37,0,0,230,48,0,0,25,CAN=365.142943 Rx 0 $703 D 8 25 00 00 E6 30 00 00 19 
365.19394,2021-05-21 22:03:05.193,38,0,0,0,25,0,0,0,CAN=365.19394 Rx 0 $703 D 8 26 00 00 00 19 00 00 00 
365.244933,2021-05-21 22:03:05.244,39,25,0,0,0,151,5,0,CAN=365.244933 Rx 0 $703 D 8 27 19 00 00 00 97 05 00 
365.29593,2021-05-21 22:03:05.295,40,0,150,5,0,0,150,5,CAN=365.29593 Rx 0 $703 D 8 28 00 96 05 00 00 96 05 
365.346929,2021-05-21 22:03:05.346,41,0,0,25,0,0,0,25,CAN=365.346929 Rx 0 $703 D 8 29 00 00 19 00 00 00 19 
365.39793,2021-05-21 22:03:05.397,42,0,0,0,25,0,0,0,CAN=365.39793 Rx 0 $703 D 8 2A 00 00 00 19 00 00 00 
365.504017,2021-05-21 22:03:05.504,16,76,113,0,0,65,13,0,CAN=365.504017 Rx 0 $703 D 8 10 4C 71 00 00 41 0D 00 
365.505163,2021-05-21 22:03:05.505,33,0,0,9,0,0,0,25,CAN=365.505163 Rx 0 $703 D 8 21 00 00 09 00 00 00 19 
365.555918,2021-05-21 22:03:05.555,34,0,0,0,8,49,0,0,CAN=365.555918 Rx 0 $703 D 8 22 00 00 00 08 31 00 00 
365.606905,2021-05-21 22:03:05.606,35,12,49,0,0,18,49,0,CAN=365.606905 Rx 0 $703 D 8 23 0C 31 00 00 12 31 00 
365.657908,2021-05-21 22:03:05.657,36,0,229,48,0,0,232,48,CAN=365.657908 Rx 0 $703 D 8 24 00 E5 30 00 00 E8 30 
365.708905,2021-05-21 22:03:05.708,37,0,0,230,48,0,0,25,CAN=365.708905 Rx 0 $703 D 8 25 00 00 E6 30 00 00 19 
365.759904,2021-05-21 22:03:05.759,38,0,0,0,25,0,0,0,CAN=365.759904 Rx 0 $703 D 8 26 00 00 00 19 00 00 00 
365.810899,2021-05-21 22:03:05.810,39,25,0,0,0,149,5,0,CAN=365.810899 Rx 0 $703 D 8 27 19 00 00 00 95 05 00 
365.861892,2021-05-21 22:03:05.861,40,0,150,5,0,0,150,5,CAN=365.861892 Rx 0 $703 D 8 28 00 96 05 00 00 96 05 
365.912891,2021-05-21 22:03:05.912,41,0,0,25,0,0,0,25,CAN=365.912891 Rx 0 $703 D 8 29 00 00 19 00 00 00 19 
365.96389,2021-05-21 22:03:05.963,42,0,0,0,25,0,0,0,CAN=365.96389 Rx 0 $703 D 8 2A 00 00 00 19 00 00 00 
366.068586,2021-05-21 22:03:06.068,16,76,113,0,0,65,0,0,CAN=366.068586 Rx 0 $703 D 8 10 4C 71 00 00 41 00 00 
366.069766,2021-05-21 22:03:06.069,33,0,0,9,0,0,0,25,CAN=366.069766 Rx 0 $703 D 8 21 00 00 09 00 00 00 19 
366.119881,2021-05-21 22:03:06.119,34,0,0,0,27,49,0,0,CAN=366.119881 Rx 0 $703 D 8 22 00 00 00 1B 31 00 00 
366.170865,2021-05-21 22:03:06.170,35,19,49,0,0,20,49,0,CAN=366.170865 Rx 0 $703 D 8 23 13 31 00 00 14 31 00 
366.221873,2021-05-21 22:03:06.221,36,0,218,48,0,0,232,48,CAN=366.221873 Rx 0 $703 D 8 24 00 DA 30 00 00 E8 30 
366.272866,2021-05-21 22:03:06.272,37,0,0,230,48,0,0,25,CAN=366.272866 Rx 0 $703 D 8 25 00 00 E6 30 00 00 19 
366.323865,2021-05-21 22:03:06.323,38,0,0,0,25,0,0,0,CAN=366.323865 Rx 0 $703 D 8 26 00 00 00 19 00 00 00 
366.37486,2021-05-21 22:03:06.374,39,25,0,0,0,149,5,0,CAN=366.37486 Rx 0 $703 D 8 27 19 00 00 00 95 05 00 
366.425853,2021-05-21 22:03:06.425,40,0,150,5,0,0,150,5,CAN=366.425853 Rx 0 $703 D 8 28 00 96 05 00 00 96 05 
366.476852,2021-05-21 22:03:06.476,41,0,0,25,0,0,0,25,CAN=366.476852 Rx 0 $703 D 8 29 00 00 19 00 00 00 19 
366.527853,2021-05-21 22:03:06.527,42,0,0,0,25,0,0,0,CAN=366.527853 Rx 0 $703 D 8 2A 00 00 00 19 00 00 00 
366.633753,2021-05-21 22:03:06.633,16,76,113,0,0,65,0,0,CAN=366.633753 Rx 0 $703 D 8 10 4C 71 00 00 41 00 00 
366.63487,2021-05-21 22:03:06.634,33,0,0,9,0,0,0,25,CAN=366.63487 Rx 0 $703 D 8 21 00 00 09 00 00 00 19 
366.68584,2021-05-21 22:03:06.685,34,0,0,0,27,49,0,0,CAN=366.68584 Rx 0 $703 D 8 22 00 00 00 1B 31 00 00 
366.736827,2021-05-21 22:03:06.736,35,19,49,0,0,20,49,0,CAN=366.736827 Rx 0 $703 D 8 23 13 31 00 00 14 31 00 
366.787834,2021-05-21 22:03:06.787,36,0,218,48,0,0,232,48,CAN=366.787834 Rx 0 $703 D 8 24 00 DA 30 00 00 E8 30 
366.838829,2021-05-21 22:03:06.838,37,0,0,230,48,0,0,25,CAN=366.838829 Rx 0 $703 D 8 25 00 00 E6 30 00 00 19 
366.889826,2021-05-21 22:03:06.889,38,0,0,0,25,0,0,0,CAN=366.889826 Rx 0 $703 D 8 26 00 00 00 19 00 00 00 
366.940823,2021-05-21 22:03:06.940,39,25,0,0,0,149,5,0,CAN=366.940823 Rx 0 $703 D 8 27 19 00 00 00 95 05 00 
366.991816,2021-05-21 22:03:06.991,40,0,150,5,0,0,150,5,CAN=366.991816 Rx 0 $703 D 8 28 00 96 05 00 00 96 05 
367.042815,2021-05-21 22:03:07.042,41,0,0,25,0,0,0,25,CAN=367.042815 Rx 0 $703 D 8 29 00 00 19 00 00 00 19 
367.093814,2021-05-21 22:03:07.093,42,0,0,0,25,0,0,0,CAN=367.093814 Rx 0 $703 D 8 2A 00 00 00 19 00 00 00 
367.198508,2021-05-21 22:03:07.198,16,76,113,0,0,65,0,0,CAN=367.198508 Rx 0 $703 D 8 10 4C 71 00 00 41 00 00 
367.199968,2021-05-21 22:03:07.199,33,0,0,9,0,0,0,25,CAN=367.199968 Rx 0 $703 D 8 21 00 00 09 00 00 00 19 
367.250799,2021-05-21 22:03:07.250,34,0,0,0,22,49,0,0,CAN=367.250799 Rx 0 $703 D 8 22 00 00 00 16 31 00 00 
367.30179,2021-05-21 22:03:07.301,35,19,49,0,0,19,49,0,CAN=367.30179 Rx 0 $703 D 8 23 13 31 00 00 13 31 00 
367.352793,2021-05-21 22:03:07.352,36,0,205,48,0,0,222,48,CAN=367.352793 Rx 0 $703 D 8 24 00 CD 30 00 00 DE 30 
367.40389,2021-05-21 22:03:07.403,37,0,0,229,48,0,0,25,CAN=367.40389 Rx 0 $703 D 8 25 00 00 E5 30 00 00 19 
367.454787,2021-05-21 22:03:07.454,38,0,0,0,25,0,0,0,CAN=367.454787 Rx 0 $703 D 8 26 00 00 00 19 00 00 00 
367.505782,2021-05-21 22:03:07.505,39,25,0,0,0,148,5,0,CAN=367.505782 Rx 0 $703 D 8 27 19 00 00 00 94 05 00 
367.556777,2021-05-21 22:03:07.556,40,0,150,5,0,0,150,5,CAN=367.556777 Rx 0 $703 D 8 28 00 96 05 00 00 96 05 
367.607776,2021-05-21 22:03:07.607,41,0,0,25,0,0,0,25,CAN=367.607776 Rx 0 $703 D 8 29 00 00 19 00 00 00 19 
367.658777,2021-05-21 22:03:07.658,42,0,0,0,25,0,0,0,CAN=367.658777 Rx 0 $703 D 8 2A 00 00 00 19 00 00 00 
367.763672,2021-05-21 22:03:07.763,16,76,113,0,0,65,0,0,CAN=367.763672 Rx 0 $703 D 8 10 4C 71 00 00 41 00 00 
367.765196,2021-05-21 22:03:07.765,33,0,0,9,0,0,0,25,CAN=367.765196 Rx 0 $703 D 8 21 00 00 09 00 00 00 19 
367.815761,2021-05-21 22:03:07.815,34,0,0,0,22,49,0,0,CAN=367.815761 Rx 0 $703 D 8 22 00 00 00 16 31 00 00 
367.866753,2021-05-21 22:03:07.866,35,19,49,0,0,19,49,0,CAN=367.866753 Rx 0 $703 D 8 23 13 31 00 00 13 31 00 
367.917756,2021-05-21 22:03:07.917,36,0,205,48,0,0,222,48,CAN=367.917756 Rx 0 $703 D 8 24 00 CD 30 00 00 DE 30 
367.968751,2021-05-21 22:03:07.968,37,0,0,229,48,0,0,25,CAN=367.968751 Rx 0 $703 D 8 25 00 00 E5 30 00 00 19 
368.019752,2021-05-21 22:03:08.019,38,0,0,0,25,0,0,0,CAN=368.019752 Rx 0 $703 D 8 26 00 00 00 19 00 00 00 
368.070745,2021-05-21 22:03:08.070,39,25,0,0,0,148,5,0,CAN=368.070745 Rx 0 $703 D 8 27 19 00 00 00 94 05 00 
368.121739,2021-05-21 22:03:08.121,40,0,150,5,0,0,150,5,CAN=368.121739 Rx 0 $703 D 8 28 00 96 05 00 00 96 05 
368.172739,2021-05-21 22:03:08.172,41,0,0,25,0,0,0,25,CAN=368.172739 Rx 0 $703 D 8 29 00 00 19 00 00 00 19 
368.223737,2021-05-21 22:03:08.223,42,0,0,0,25,0,0,0,CAN=368.223737 Rx 0 $703 D 8 2A 00 00 00 19 00 00 00 
368.32843,2021-05-21 22:03:08.328,16,76,113,0,0,65,0,0,CAN=368.32843 Rx 0 $703 D 8 10 4C 71 00 00 41 00 00 
368.329926,2021-05-21 22:03:08.329,33,0,0,9,0,0,0,25,CAN=368.329926 Rx 0 $703 D 8 21 00 00 09 00 00 00 19 
368.380724,2021-05-21 22:03:08.380,34,0,0,0,15,49,0,0,CAN=368.380724 Rx 0 $703 D 8 22 00 00 00 0F 31 00 00 
368.431715,2021-05-21 22:03:08.431,35,15,49,0,0,19,49,0,CAN=368.431715 Rx 0 $703 D 8 23 0F 31 00 00 13 31 00 
368.482713,2021-05-21 22:03:08.482,36,0,210,48,0,0,219,48,CAN=368.482713 Rx 0 $703 D 8 24 00 D2 30 00 00 DB 30 
368.533713,2021-05-21 22:03:08.533,37,0,0,228,48,0,0,25,CAN=368.533713 Rx 0 $703 D 8 25 00 00 E4 30 00 00 19 
368.584711,2021-05-21 22:03:08.584,38,0,0,0,25,0,0,0,CAN=368.584711 Rx 0 $703 D 8 26 00 00 00 19 00 00 00 
368.635704,2021-05-21 22:03:08.635,39,25,0,0,0,147,5,0,CAN=368.635704 Rx 0 $703 D 8 27 19 00 00 00 93 05 00 
368.686704,2021-05-21 22:03:08.686,40,0,149,5,0,0,150,5,CAN=368.686704 Rx 0 $703 D 8 28 00 95 05 00 00 96 05 
368.737701,2021-05-21 22:03:08.737,41,0,0,25,0,0,0,25,CAN=368.737701 Rx 0 $703 D 8 29 00 00 19 00 00 00 19 
368.7887,2021-05-21 22:03:08.788,42,0,0,0,25,0,0,0,CAN=368.7887 Rx 0 $703 D 8 2A 00 00 00 19 00 00 00 
368.893594,2021-05-21 22:03:08.893,16,76,113,0,0,65,0,0,CAN=368.893594 Rx 0 $703 D 8 10 4C 71 00 00 41 00 00 
368.894787,2021-05-21 22:03:08.894,33,0,0,9,0,0,0,25,CAN=368.894787 Rx 0 $703 D 8 21 00 00 09 00 00 00 19 
368.945752,2021-05-21 22:03:08.945,34,0,0,0,15,49,0,0,CAN=368.945752 Rx 0 $703 D 8 22 00 00 00 0F 31 00 00 
368.996677,2021-05-21 22:03:08.996,35,15,49,0,0,19,49,0,CAN=368.996677 Rx 0 $703 D 8 23 0F 31 00 00 13 31 00 
369.047675,2021-05-21 22:03:09.047,36,0,210,48,0,0,219,48,CAN=369.047675 Rx 0 $703 D 8 24 00 D2 30 00 00 DB 30 
369.098674,2021-05-21 22:03:09.098,37,0,0,228,48,0,0,25,CAN=369.098674 Rx 0 $703 D 8 25 00 00 E4 30 00 00 19 
369.149674,2021-05-21 22:03:09.149,38,0,0,0,25,0,0,0,CAN=369.149674 Rx 0 $703 D 8 26 00 00 00 19 00 00 00 
369.200666,2021-05-21 22:03:09.200,39,25,0,0,0,147,5,0,CAN=369.200666 Rx 0 $703 D 8 27 19 00 00 00 93 05 00 
369.251665,2021-05-21 22:03:09.251,40,0,149,5,0,0,150,5,CAN=369.251665 Rx 0 $703 D 8 28 00 95 05 00 00 96 05 
369.302662,2021-05-21 22:03:09.302,41,0,0,25,0,0,0,25,CAN=369.302662 Rx 0 $703 D 8 29 00 00 19 00 00 00 19 
369.354016,2021-05-21 22:03:09.354,42,0,0,0,25,0,0,0,CAN=369.354016 Rx 0 $703 D 8 2A 00 00 00 19 00 00 00 
369.458354,2021-05-21 22:03:09.458,16,76,113,0,0,65,0,0,CAN=369.458354 Rx 0 $703 D 8 10 4C 71 00 00 41 00 00 
369.459639,2021-05-21 22:03:09.459,33,0,0,9,0,0,0,5,CAN=369.459639 Rx 0 $703 D 8 21 00 00 09 00 00 00 05 
369.509648,2021-05-21 22:03:09.509,34,0,0,0,22,49,0,0,CAN=369.509648 Rx 0 $703 D 8 22 00 00 00 16 31 00 00 
369.560637,2021-05-21 22:03:09.560,35,18,49,0,0,21,49,0,CAN=369.560637 Rx 0 $703 D 8 23 12 31 00 00 15 31 00 
369.611642,2021-05-21 22:03:09.611,36,0,219,48,0,0,225,48,CAN=369.611642 Rx 0 $703 D 8 24 00 DB 30 00 00 E1 30 
369.662637,2021-05-21 22:03:09.662,37,0,0,226,48,0,0,25,CAN=369.662637 Rx 0 $703 D 8 25 00 00 E2 30 00 00 19 
369.713636,2021-05-21 22:03:09.713,38,0,0,0,25,0,0,0,CAN=369.713636 Rx 0 $703 D 8 26 00 00 00 19 00 00 00 
369.764633,2021-05-21 22:03:09.764,39,25,0,0,0,149,5,0,CAN=369.764633 Rx 0 $703 D 8 27 19 00 00 00 95 05 00 
369.815626,2021-05-21 22:03:09.815,40,0,150,5,0,0,150,5,CAN=369.815626 Rx 0 $703 D 8 28 00 96 05 00 00 96 05 
369.866625,2021-05-21 22:03:09.866,41,0,0,25,0,0,0,25,CAN=369.866625 Rx 0 $703 D 8 29 00 00 19 00 00 00 19 
369.917624,2021-05-21 22:03:09.917,42,0,0,0,25,0,0,0,CAN=369.917624 Rx 0 $703 D 8 2A 00 00 00 19 00 00 00 
370.023518,2021-05-21 22:03:10.023,16,76,113,0,0,65,0,0,CAN=370.023518 Rx 0 $703 D 8 10 4C 71 00 00 41 00 00 
370.024484,2021-05-21 22:03:10.024,33,0,0,9,0,0,0,5,CAN=370.024484 Rx 0 $703 D 8 21 00 00 09 00 00 00 05 
370.074609,2021-05-21 22:03:10.074,34,0,0,0,13,49,0,0,CAN=370.074609 Rx 0 $703 D 8 22 00 00 00 0D 31 00 00 
370.125598,2021-05-21 22:03:10.125,35,11,49,0,0,19,49,0,CAN=370.125598 Rx 0 $703 D 8 23 0B 31 00 00 13 31 00 
370.176601,2021-05-21 22:03:10.176,36,0,223,48,0,0,226,48,CAN=370.176601 Rx 0 $703 D 8 24 00 DF 30 00 00 E2 30 
370.2276,2021-05-21 22:03:10.227,37,0,0,229,48,0,0,25,CAN=370.2276 Rx 0 $703 D 8 25 00 00 E5 30 00 00 19 
370.278597,2021-05-21 22:03:10.278,38,0,0,0,25,0,0,0,CAN=370.278597 Rx 0 $703 D 8 26 00 00 00 19 00 00 00 
370.329591,2021-05-21 22:03:10.329,39,25,0,0,0,150,5,0,CAN=370.329591 Rx 0 $703 D 8 27 19 00 00 00 96 05 00 
370.380588,2021-05-21 22:03:10.380,40,0,150,5,0,0,150,5,CAN=370.380588 Rx 0 $703 D 8 28 00 96 05 00 00 96 05 
370.431587,2021-05-21 22:03:10.431,41,0,0,25,0,0,0,25,CAN=370.431587 Rx 0 $703 D 8 29 00 00 19 00 00 00 19 
370.482586,2021-05-21 22:03:10.482,42,0,0,0,25,0,0,0,CAN=370.482586 Rx 0 $703 D 8 2A 00 00 00 19 00 00 00 
370.588278,2021-05-21 22:03:10.588,16,76,113,0,0,65,0,0,CAN=370.588278 Rx 0 $703 D 8 10 4C 71 00 00 41 00 00 
370.589471,2021-05-21 22:03:10.589,33,0,0,9,0,0,0,5,CAN=370.589471 Rx 0 $703 D 8 21 00 00 09 00 00 00 05 
370.639571,2021-05-21 22:03:10.639,34,0,0,0,13,49,0,0,CAN=370.639571 Rx 0 $703 D 8 22 00 00 00 0D 31 00 00 
370.690561,2021-05-21 22:03:10.690,35,11,49,0,0,19,49,0,CAN=370.690561 Rx 0 $703 D 8 23 0B 31 00 00 13 31 00 
370.741564,2021-05-21 22:03:10.741,36,0,223,48,0,0,226,48,CAN=370.741564 Rx 0 $703 D 8 24 00 DF 30 00 00 E2 30 
370.792561,2021-05-21 22:03:10.792,37,0,0,229,48,0,0,25,CAN=370.792561 Rx 0 $703 D 8 25 00 00 E5 30 00 00 19 
370.84356,2021-05-21 22:03:10.843,38,0,0,0,25,0,0,0,CAN=370.84356 Rx 0 $703 D 8 26 00 00 00 19 00 00 00 
370.894553,2021-05-21 22:03:10.894,39,25,0,0,0,150,5,0,CAN=370.894553 Rx 0 $703 D 8 27 19 00 00 00 96 05 00 
370.94555,2021-05-21 22:03:10.945,40,0,150,5,0,0,150,5,CAN=370.94555 Rx 0 $703 D 8 28 00 96 05 00 00 96 05 
370.996547,2021-05-21 22:03:10.996,41,0,0,25,0,0,0,25,CAN=370.996547 Rx 0 $703 D 8 29 00 00 19 00 00 00 19 
371.047548,2021-05-21 22:03:11.047,42,0,0,0,25,0,0,0,CAN=371.047548 Rx 0 $703 D 8 2A 00 00 00 19 00 00 00 
374.258034,2021-05-21 22:03:14.258,16,76,113,0,0,65,0,0,CAN=374.258034 Rx 0 $703 D 8 10 4C 71 00 00 41 00 00 
374.259327,2021-05-21 22:03:14.259,33,0,0,0,0,0,0,5,CAN=374.259327 Rx 0 $703 D 8 21 00 00 00 00 00 00 05 
374.310328,2021-05-21 22:03:14.310,34,0,0,0,229,48,0,0,CAN=374.310328 Rx 0 $703 D 8 22 00 00 00 E5 30 00 00 
374.361318,2021-05-21 22:03:14.361,35,253,48,0,0,10,49,0,CAN=374.361318 Rx 0 $703 D 8 23 FD 30 00 00 0A 31 00 
374.412317,2021-05-21 22:03:14.412,36,0,232,48,0,0,225,48,CAN=374.412317 Rx 0 $703 D 8 24 00 E8 30 00 00 E1 30 
374.463312,2021-05-21 22:03:14.463,37,0,0,226,48,0,0,25,CAN=374.463312 Rx 0 $703 D 8 25 00 00 E2 30 00 00 19 
374.514313,2021-05-21 22:03:14.514,38,0,0,0,25,0,0,0,CAN=374.514313 Rx 0 $703 D 8 26 00 00 00 19 00 00 00 
374.565308,2021-05-21 22:03:14.565,39,25,0,0,0,153,5,0,CAN=374.565308 Rx 0 $703 D 8 27 19 00 00 00 99 05 00 
374.616301,2021-05-21 22:03:14.616,40,0,151,5,0,0,150,5,CAN=374.616301 Rx 0 $703 D 8 28 00 97 05 00 00 96 05 
374.667301,2021-05-21 22:03:14.667,41,0,0,25,0,0,0,25,CAN=374.667301 Rx 0 $703 D 8 29 00 00 19 00 00 00 19 
374.718301,2021-05-21 22:03:14.718,42,0,0,0,25,0,0,0,CAN=374.718301 Rx 0 $703 D 8 2A 00 00 00 19 00 00 00 
374.823194,2021-05-21 22:03:14.823,16,76,113,0,0,65,0,0,CAN=374.823194 Rx 0 $703 D 8 10 4C 71 00 00 41 00 00 
374.824429,2021-05-21 22:03:14.824,33,0,0,0,0,0,0,5,CAN=374.824429 Rx 0 $703 D 8 21 00 00 00 00 00 00 05 
374.87529,2021-05-21 22:03:14.875,34,0,0,0,229,48,0,0,CAN=374.87529 Rx 0 $703 D 8 22 00 00 00 E5 30 00 00 
374.926278,2021-05-21 22:03:14.926,35,253,48,0,0,10,49,0,CAN=374.926278 Rx 0 $703 D 8 23 FD 30 00 00 0A 31 00 
374.97728,2021-05-21 22:03:14.977,36,0,232,48,0,0,225,48,CAN=374.97728 Rx 0 $703 D 8 24 00 E8 30 00 00 E1 30 
375.028273,2021-05-21 22:03:15.028,37,0,0,226,48,0,0,25,CAN=375.028273 Rx 0 $703 D 8 25 00 00 E2 30 00 00 19 
375.079274,2021-05-21 22:03:15.079,38,0,0,0,25,0,0,0,CAN=375.079274 Rx 0 $703 D 8 26 00 00 00 19 00 00 00 
375.130271,2021-05-21 22:03:15.130,39,25,0,0,0,153,5,0,CAN=375.130271 Rx 0 $703 D 8 27 19 00 00 00 99 05 00 
375.181264,2021-05-21 22:03:15.181,40,0,151,5,0,0,150,5,CAN=375.181264 Rx 0 $703 D 8 28 00 97 05 00 00 96 05 
375.232263,2021-05-21 22:03:15.232,41,0,0,25,0,0,0,25,CAN=375.232263 Rx 0 $703 D 8 29 00 00 19 00 00 00 19 
375.283262,2021-05-21 22:03:15.283,42,0,0,0,25,0,0,0,CAN=375.283262 Rx 0 $703 D 8 2A 00 00 00 19 00 00 00 
375.387955,2021-05-21 22:03:15.387,16,76,113,0,0,65,0,0,CAN=375.387955 Rx 0 $703 D 8 10 4C 71 00 00 41 00 00 
375.38907,2021-05-21 22:03:15.389,33,0,0,0,0,0,0,5,CAN=375.38907 Rx 0 $703 D 8 21 00 00 00 00 00 00 05 
375.439254,2021-05-21 22:03:15.439,34,0,0,0,246,48,0,0,CAN=375.439254 Rx 0 $703 D 8 22 00 00 00 F6 30 00 00 
375.490242,2021-05-21 22:03:15.490,35,2,49,0,0,13,49,0,CAN=375.490242 Rx 0 $703 D 8 23 02 31 00 00 0D 31 00 
375.541239,2021-05-21 22:03:15.541,36,0,228,48,0,0,226,48,CAN=375.541239 Rx 0 $703 D 8 24 00 E4 30 00 00 E2 30 
375.592236,2021-05-21 22:03:15.592,37,0,0,226,48,0,0,25,CAN=375.592236 Rx 0 $703 D 8 25 00 00 E2 30 00 00 19 
375.643237,2021-05-21 22:03:15.643,38,0,0,0,25,0,0,0,CAN=375.643237 Rx 0 $703 D 8 26 00 00 00 19 00 00 00 
375.69423,2021-05-21 22:03:15.694,39,25,0,0,0,152,5,0,CAN=375.69423 Rx 0 $703 D 8 27 19 00 00 00 98 05 00 
375.745225,2021-05-21 22:03:15.745,40,0,151,5,0,0,150,5,CAN=375.745225 Rx 0 $703 D 8 28 00 97 05 00 00 96 05 
375.796224,2021-05-21 22:03:15.796,41,0,0,25,0,0,0,25,CAN=375.796224 Rx 0 $703 D 8 29 00 00 19 00 00 00 19 
375.847226,2021-05-21 22:03:15.847,42,0,0,0,25,0,0,0,CAN=375.847226 Rx 0 $703 D 8 2A 00 00 00 19 00 00 00 
379.057704,2021-05-21 22:03:19.057,16,76,113,0,0,65,86,0,CAN=379.057704 Rx 0 $703 D 8 10 4C 71 00 00 41 56 00 
379.059016,2021-05-21 22:03:19.059,33,0,0,61,0,0,0,35,CAN=379.059016 Rx 0 $703 D 8 21 00 00 3D 00 00 00 23 
379.110001,2021-05-21 22:03:19.110,34,0,0,0,9,49,0,0,CAN=379.110001 Rx 0 $703 D 8 22 00 00 00 09 31 00 00 
379.161001,2021-05-21 22:03:19.161,35,247,48,0,0,11,49,0,CAN=379.161001 Rx 0 $703 D 8 23 F7 30 00 00 0B 31 00 
379.211994,2021-05-21 22:03:19.211,36,0,242,48,0,0,237,48,CAN=379.211994 Rx 0 $703 D 8 24 00 F2 30 00 00 ED 30 
379.262989,2021-05-21 22:03:19.262,37,0,0,231,48,0,0,25,CAN=379.262989 Rx 0 $703 D 8 25 00 00 E7 30 00 00 19 
379.313988,2021-05-21 22:03:19.313,38,0,0,0,25,0,0,0,CAN=379.313988 Rx 0 $703 D 8 26 00 00 00 19 00 00 00 
379.364985,2021-05-21 22:03:19.364,39,25,0,0,0,149,5,0,CAN=379.364985 Rx 0 $703 D 8 27 19 00 00 00 95 05 00 
379.415978,2021-05-21 22:03:19.415,40,0,151,5,0,0,150,5,CAN=379.415978 Rx 0 $703 D 8 28 00 97 05 00 00 96 05 
379.466976,2021-05-21 22:03:19.466,41,0,0,25,0,0,0,25,CAN=379.466976 Rx 0 $703 D 8 29 00 00 19 00 00 00 19 
379.517977,2021-05-21 22:03:19.517,42,0,0,0,25,0,0,0,CAN=379.517977 Rx 0 $703 D 8 2A 00 00 00 19 00 00 00 
379.622869,2021-05-21 22:03:19.622,16,76,113,0,0,65,86,0,CAN=379.622869 Rx 0 $703 D 8 10 4C 71 00 00 41 56 00 
379.623872,2021-05-21 22:03:19.623,33,0,0,61,0,0,0,35,CAN=379.623872 Rx 0 $703 D 8 21 00 00 3D 00 00 00 23 
379.673963,2021-05-21 22:03:19.673,34,0,0,0,9,49,0,0,CAN=379.673963 Rx 0 $703 D 8 22 00 00 00 09 31 00 00 
379.724962,2021-05-21 22:03:19.724,35,247,48,0,0,11,49,0,CAN=379.724962 Rx 0 $703 D 8 23 F7 30 00 00 0B 31 00 
379.775955,2021-05-21 22:03:19.775,36,0,242,48,0,0,237,48,CAN=379.775955 Rx 0 $703 D 8 24 00 F2 30 00 00 ED 30 
379.826951,2021-05-21 22:03:19.826,37,0,0,231,48,0,0,25,CAN=379.826951 Rx 0 $703 D 8 25 00 00 E7 30 00 00 19 
379.877952,2021-05-21 22:03:19.877,38,0,0,0,25,0,0,0,CAN=379.877952 Rx 0 $703 D 8 26 00 00 00 19 00 00 00 
379.928947,2021-05-21 22:03:19.928,39,25,0,0,0,149,5,0,CAN=379.928947 Rx 0 $703 D 8 27 19 00 00 00 95 05 00 
379.97994,2021-05-21 22:03:19.979,40,0,151,5,0,0,150,5,CAN=379.97994 Rx 0 $703 D 8 28 00 97 05 00 00 96 05 
380.030939,2021-05-21 22:03:20.030,41,0,0,25,0,0,0,25,CAN=380.030939 Rx 0 $703 D 8 29 00 00 19 00 00 00 19 
380.081938,2021-05-21 22:03:20.081,42,0,0,0,25,0,0,0,CAN=380.081938 Rx 0 $703 D 8 2A 00 00 00 19 00 00 00 
380.187627,2021-05-21 22:03:20.187,16,76,113,0,0,65,86,0,CAN=380.187627 Rx 0 $703 D 8 10 4C 71 00 00 41 56 00 
380.188743,2021-05-21 22:03:20.188,33,0,0,61,0,0,0,35,CAN=380.188743 Rx 0 $703 D 8 21 00 00 3D 00 00 00 23 
380.23893,2021-05-21 22:03:20.238,34,0,0,0,254,48,0,0,CAN=380.23893 Rx 0 $703 D 8 22 00 00 00 FE 30 00 00 
380.289917,2021-05-21 22:03:20.289,35,250,48,0,0,11,49,0,CAN=380.289917 Rx 0 $703 D 8 23 FA 30 00 00 0B 31 00 
380.340921,2021-05-21 22:03:20.340,36,0,241,48,0,0,235,48,CAN=380.340921 Rx 0 $703 D 8 24 00 F1 30 00 00 EB 30 
380.391912,2021-05-21 22:03:20.391,37,0,0,231,48,0,0,25,CAN=380.391912 Rx 0 $703 D 8 25 00 00 E7 30 00 00 19 
380.442913,2021-05-21 22:03:20.442,38,0,0,0,25,0,0,0,CAN=380.442913 Rx 0 $703 D 8 26 00 00 00 19 00 00 00 
380.493908,2021-05-21 22:03:20.493,39,25,0,0,0,149,5,0,CAN=380.493908 Rx 0 $703 D 8 27 19 00 00 00 95 05 00 
380.544901,2021-05-21 22:03:20.544,40,0,150,5,0,0,150,5,CAN=380.544901 Rx 0 $703 D 8 28 00 96 05 00 00 96 05 
380.5959,2021-05-21 22:03:20.595,41,0,0,25,0,0,0,25,CAN=380.5959 Rx 0 $703 D 8 29 00 00 19 00 00 00 19 
380.646902,2021-05-21 22:03:20.646,42,0,0,0,25,0,0,0,CAN=380.646902 Rx 0 $703 D 8 2A 00 00 00 19 00 00 00 
386.957176,2021-05-21 22:03:26.957,16,76,113,0,0,65,0,0,CAN=386.957176 Rx 0 $703 D 8 10 4C 71 00 00 41 00 00 
386.958354,2021-05-21 22:03:26.958,33,0,0,61,0,0,0,35,CAN=386.958354 Rx 0 $703 D 8 21 00 00 3D 00 00 00 23 
387.008474,2021-05-21 22:03:27.008,34,0,0,0,2,49,0,0,CAN=387.008474 Rx 0 $703 D 8 22 00 00 00 02 31 00 00 
387.059464,2021-05-21 22:03:27.059,35,251,48,0,0,4,49,0,CAN=387.059464 Rx 0 $703 D 8 23 FB 30 00 00 04 31 00 
387.110458,2021-05-21 22:03:27.110,36,0,238,48,0,0,230,48,CAN=387.110458 Rx 0 $703 D 8 24 00 EE 30 00 00 E6 30 
387.161459,2021-05-21 22:03:27.161,37,0,0,230,48,0,0,25,CAN=387.161459 Rx 0 $703 D 8 25 00 00 E6 30 00 00 19 
387.212456,2021-05-21 22:03:27.212,38,0,0,0,25,0,0,0,CAN=387.212456 Rx 0 $703 D 8 26 00 00 00 19 00 00 00 
387.263449,2021-05-21 22:03:27.263,39,25,0,0,0,151,5,0,CAN=387.263449 Rx 0 $703 D 8 27 19 00 00 00 97 05 00 
387.314449,2021-05-21 22:03:27.314,40,0,151,5,0,0,151,5,CAN=387.314449 Rx 0 $703 D 8 28 00 97 05 00 00 97 05 
387.365444,2021-05-21 22:03:27.365,41,0,0,25,0,0,0,25,CAN=387.365444 Rx 0 $703 D 8 29 00 00 19 00 00 00 19 
387.416445,2021-05-21 22:03:27.416,42,0,0,0,25,0,0,0,CAN=387.416445 Rx 0 $703 D 8 2A 00 00 00 19 00 00 00 
387.522336,2021-05-21 22:03:27.522,16,76,113,0,0,65,0,0,CAN=387.522336 Rx 0 $703 D 8 10 4C 71 00 00 41 00 00 
387.5237,2021-05-21 22:03:27.523,33,0,0,61,0,0,0,35,CAN=387.5237 Rx 0 $703 D 8 21 00 00 3D 00 00 00 23 
387.574436,2021-05-21 22:03:27.574,34,0,0,0,2,49,0,0,CAN=387.574436 Rx 0 $703 D 8 22 00 00 00 02 31 00 00 
387.625426,2021-05-21 22:03:27.625,35,251,48,0,0,4,49,0,CAN=387.625426 Rx 0 $703 D 8 23 FB 30 00 00 04 31 00 
387.67642,2021-05-21 22:03:27.676,36,0,238,48,0,0,230,48,CAN=387.67642 Rx 0 $703 D 8 24 00 EE 30 00 00 E6 30 
387.727419,2021-05-21 22:03:27.727,37,0,0,230,48,0,0,25,CAN=387.727419 Rx 0 $703 D 8 25 00 00 E6 30 00 00 19 
387.778418,2021-05-21 22:03:27.778,38,0,0,0,25,0,0,0,CAN=387.778418 Rx 0 $703 D 8 26 00 00 00 19 00 00 00 
387.82941,2021-05-21 22:03:27.829,39,25,0,0,0,151,5,0,CAN=387.82941 Rx 0 $703 D 8 27 19 00 00 00 97 05 00 
387.880409,2021-05-21 22:03:27.880,40,0,151,5,0,0,151,5,CAN=387.880409 Rx 0 $703 D 8 28 00 97 05 00 00 97 05 
387.931406,2021-05-21 22:03:27.931,41,0,0,25,0,0,0,25,CAN=387.931406 Rx 0 $703 D 8 29 00 00 19 00 00 00 19 
387.982407,2021-05-21 22:03:27.982,42,0,0,0,25,0,0,0,CAN=387.982407 Rx 0 $703 D 8 2A 00 00 00 19 00 00 00 
388.0871,2021-05-21 22:03:28.087,16,76,113,0,0,65,0,0,CAN=388.0871 Rx 0 $703 D 8 10 4C 71 00 00 41 00 00 
388.088686,2021-05-21 22:03:28.088,33,0,0,61,0,0,0,35,CAN=388.088686 Rx 0 $703 D 8 21 00 00 3D 00 00 00 23 
388.139391,2021-05-21 22:03:28.139,34,0,0,0,10,49,0,0,CAN=388.139391 Rx 0 $703 D 8 22 00 00 00 0A 31 00 00 
388.190386,2021-05-21 22:03:28.190,35,2,49,0,0,5,49,0,CAN=388.190386 Rx 0 $703 D 8 23 02 31 00 00 05 31 00 
388.241384,2021-05-21 22:03:28.241,36,0,234,48,0,0,234,48,CAN=388.241384 Rx 0 $703 D 8 24 00 EA 30 00 00 EA 30 
388.292381,2021-05-21 22:03:28.292,37,0,0,229,48,0,0,25,CAN=388.292381 Rx 0 $703 D 8 25 00 00 E5 30 00 00 19 
388.34338,2021-05-21 22:03:28.343,38,0,0,0,25,0,0,0,CAN=388.34338 Rx 0 $703 D 8 26 00 00 00 19 00 00 00 
388.394372,2021-05-21 22:03:28.394,39,25,0,0,0,150,5,0,CAN=388.394372 Rx 0 $703 D 8 27 19 00 00 00 96 05 00 
388.445371,2021-05-21 22:03:28.445,40,0,151,5,0,0,151,5,CAN=388.445371 Rx 0 $703 D 8 28 00 97 05 00 00 97 05 
388.496368,2021-05-21 22:03:28.496,41,0,0,25,0,0,0,25,CAN=388.496368 Rx 0 $703 D 8 29 00 00 19 00 00 00 19 
388.547369,2021-05-21 22:03:28.547,42,0,0,0,25,0,0,0,CAN=388.547369 Rx 0 $703 D 8 2A 00 00 00 19 00 00 00 
391.75685,2021-05-21 22:03:31.756,16,76,113,0,0,65,0,0,CAN=391.75685 Rx 0 $703 D 8 10 4C 71 00 00 41 00 00 
391.757971,2021-05-21 22:03:31.757,33,0,0,0,0,0,0,35,CAN=391.757971 Rx 0 $703 D 8 21 00 00 00 00 00 00 23 
391.808146,2021-05-21 22:03:31.808,34,0,0,0,36,49,0,0,CAN=391.808146 Rx 0 $703 D 8 22 00 00 00 24 31 00 00 
391.859137,2021-05-21 22:03:31.859,35,18,49,0,0,7,49,0,CAN=391.859137 Rx 0 $703 D 8 23 12 31 00 00 07 31 00 
391.910138,2021-05-21 22:03:31.910,36,0,229,48,0,0,232,48,CAN=391.910138 Rx 0 $703 D 8 24 00 E5 30 00 00 E8 30 
391.961133,2021-05-21 22:03:31.961,37,0,0,230,48,0,0,25,CAN=391.961133 Rx 0 $703 D 8 25 00 00 E6 30 00 00 19 
392.012133,2021-05-21 22:03:32.012,38,0,0,0,25,0,0,0,CAN=392.012133 Rx 0 $703 D 8 26 00 00 00 19 00 00 00 
392.063124,2021-05-21 22:03:32.063,39,25,0,0,0,150,5,0,CAN=392.063124 Rx 0 $703 D 8 27 19 00 00 00 96 05 00 
392.114121,2021-05-21 22:03:32.114,40,0,151,5,0,0,150,5,CAN=392.114121 Rx 0 $703 D 8 28 00 97 05 00 00 96 05 
392.16512,2021-05-21 22:03:32.165,41,0,0,25,0,0,0,25,CAN=392.16512 Rx 0 $703 D 8 29 00 00 19 00 00 00 19 
392.216121,2021-05-21 22:03:32.216,42,0,0,0,25,0,0,0,CAN=392.216121 Rx 0 $703 D 8 2A 00 00 00 19 00 00 00 
392.322016,2021-05-21 22:03:32.322,16,76,113,0,0,65,0,0,CAN=392.322016 Rx 0 $703 D 8 10 4C 71 00 00 41 00 00 
392.323407,2021-05-21 22:03:32.323,33,0,0,0,0,0,0,35,CAN=392.323407 Rx 0 $703 D 8 21 00 00 00 00 00 00 23 
392.374108,2021-05-21 22:03:32.374,34,0,0,0,25,49,0,0,CAN=392.374108 Rx 0 $703 D 8 22 00 00 00 19 31 00 00 
392.425097,2021-05-21 22:03:32.425,35,13,49,0,0,5,49,0,CAN=392.425097 Rx 0 $703 D 8 23 0D 31 00 00 05 31 00 
392.476103,2021-05-21 22:03:32.476,36,0,243,48,0,0,241,48,CAN=392.476103 Rx 0 $703 D 8 24 00 F3 30 00 00 F1 30 
392.527096,2021-05-21 22:03:32.527,37,0,0,230,48,0,0,25,CAN=392.527096 Rx 0 $703 D 8 25 00 00 E6 30 00 00 19 
392.578095,2021-05-21 22:03:32.578,38,0,0,0,25,0,0,0,CAN=392.578095 Rx 0 $703 D 8 26 00 00 00 19 00 00 00 
392.629087,2021-05-21 22:03:32.629,39,25,0,0,0,151,5,0,CAN=392.629087 Rx 0 $703 D 8 27 19 00 00 00 97 05 00 
392.680084,2021-05-21 22:03:32.680,40,0,151,5,0,0,150,5,CAN=392.680084 Rx 0 $703 D 8 28 00 97 05 00 00 96 05 
392.731083,2021-05-21 22:03:32.731,41,0,0,25,0,0,0,25,CAN=392.731083 Rx 0 $703 D 8 29 00 00 19 00 00 00 19 
392.782082,2021-05-21 22:03:32.782,42,0,0,0,25,0,0,0,CAN=392.782082 Rx 0 $703 D 8 2A 00 00 00 19 00 00 00 
392.886777,2021-05-21 22:03:32.886,16,76,113,0,0,65,0,0,CAN=392.886777 Rx 0 $703 D 8 10 4C 71 00 00 41 00 00 
392.888133,2021-05-21 22:03:32.888,33,0,0,0,0,0,0,35,CAN=392.888133 Rx 0 $703 D 8 21 00 00 00 00 00 00 23 
392.93907,2021-05-21 22:03:32.939,34,0,0,0,25,49,0,0,CAN=392.93907 Rx 0 $703 D 8 22 00 00 00 19 31 00 00 
392.99006,2021-05-21 22:03:32.990,35,13,49,0,0,5,49,0,CAN=392.99006 Rx 0 $703 D 8 23 0D 31 00 00 05 31 00 
393.041064,2021-05-21 22:03:33.041,36,0,243,48,0,0,241,48,CAN=393.041064 Rx 0 $703 D 8 24 00 F3 30 00 00 F1 30 
393.092058,2021-05-21 22:03:33.092,37,0,0,230,48,0,0,25,CAN=393.092058 Rx 0 $703 D 8 25 00 00 E6 30 00 00 19 
393.143057,2021-05-21 22:03:33.143,38,0,0,0,25,0,0,0,CAN=393.143057 Rx 0 $703 D 8 26 00 00 00 19 00 00 00 
393.194049,2021-05-21 22:03:33.194,39,25,0,0,0,151,5,0,CAN=393.194049 Rx 0 $703 D 8 27 19 00 00 00 97 05 00 
393.245045,2021-05-21 22:03:33.245,40,0,151,5,0,0,150,5,CAN=393.245045 Rx 0 $703 D 8 28 00 97 05 00 00 96 05 
393.296044,2021-05-21 22:03:33.296,41,0,0,25,0,0,0,25,CAN=393.296044 Rx 0 $703 D 8 29 00 00 19 00 00 00 19 
393.347044,2021-05-21 22:03:33.347,42,0,0,0,25,0,0,0,CAN=393.347044 Rx 0 $703 D 8 2A 00 00 00 19 00 00 00 
396.556527,2021-05-21 22:03:36.556,16,76,113,0,0,65,0,0,CAN=396.556527 Rx 0 $703 D 8 10 4C 71 00 00 41 00 00 
396.557871,2021-05-21 22:03:36.557,33,0,0,0,0,0,0,35,CAN=396.557871 Rx 0 $703 D 8 21 00 00 00 00 00 00 23 
396.608828,2021-05-21 22:03:36.608,34,0,0,0,250,48,0,0,CAN=396.608828 Rx 0 $703 D 8 22 00 00 00 FA 30 00 00 
396.659812,2021-05-21 22:03:36.659,35,15,49,0,0,1,49,0,CAN=396.659812 Rx 0 $703 D 8 23 0F 31 00 00 01 31 00 
396.710809,2021-05-21 22:03:36.710,36,0,233,48,0,0,231,48,CAN=396.710809 Rx 0 $703 D 8 24 00 E9 30 00 00 E7 30 
396.76181,2021-05-21 22:03:36.761,37,0,0,232,48,0,0,25,CAN=396.76181 Rx 0 $703 D 8 25 00 00 E8 30 00 00 19 
396.81281,2021-05-21 22:03:36.812,38,0,0,0,25,0,0,0,CAN=396.81281 Rx 0 $703 D 8 26 00 00 00 19 00 00 00 
396.863803,2021-05-21 22:03:36.863,39,25,0,0,0,152,5,0,CAN=396.863803 Rx 0 $703 D 8 27 19 00 00 00 98 05 00 
396.914801,2021-05-21 22:03:36.914,40,0,151,5,0,0,151,5,CAN=396.914801 Rx 0 $703 D 8 28 00 97 05 00 00 97 05 
396.965797,2021-05-21 22:03:36.965,41,0,0,25,0,0,0,25,CAN=396.965797 Rx 0 $703 D 8 29 00 00 19 00 00 00 19 
397.016797,2021-05-21 22:03:37.016,42,0,0,0,25,0,0,0,CAN=397.016797 Rx 0 $703 D 8 2A 00 00 00 19 00 00 00 
397.121694,2021-05-21 22:03:37.121,16,76,113,0,0,65,0,0,CAN=397.121694 Rx 0 $703 D 8 10 4C 71 00 00 41 00 00 
397.122856,2021-05-21 22:03:37.122,33,0,0,0,0,0,0,35,CAN=397.122856 Rx 0 $703 D 8 21 00 00 00 00 00 00 23 
397.173782,2021-05-21 22:03:37.173,34,0,0,0,13,49,0,0,CAN=397.173782 Rx 0 $703 D 8 22 00 00 00 0D 31 00 00 
397.224773,2021-05-21 22:03:37.224,35,19,49,0,0,3,49,0,CAN=397.224773 Rx 0 $703 D 8 23 13 31 00 00 03 31 00 
397.275772,2021-05-21 22:03:37.275,36,0,229,48,0,0,236,48,CAN=397.275772 Rx 0 $703 D 8 24 00 E5 30 00 00 EC 30 
397.326772,2021-05-21 22:03:37.326,37,0,0,234,48,0,0,25,CAN=397.326772 Rx 0 $703 D 8 25 00 00 EA 30 00 00 19 
397.377772,2021-05-21 22:03:37.377,38,0,0,0,25,0,0,0,CAN=397.377772 Rx 0 $703 D 8 26 00 00 00 19 00 00 00 
397.428763,2021-05-21 22:03:37.428,39,25,0,0,0,151,5,0,CAN=397.428763 Rx 0 $703 D 8 27 19 00 00 00 97 05 00 
397.479762,2021-05-21 22:03:37.479,40,0,151,5,0,0,151,5,CAN=397.479762 Rx 0 $703 D 8 28 00 97 05 00 00 97 05 
397.530758,2021-05-21 22:03:37.530,41,0,0,25,0,0,0,25,CAN=397.530758 Rx 0 $703 D 8 29 00 00 19 00 00 00 19 
397.581759,2021-05-21 22:03:37.581,42,0,0,0,25,0,0,0,CAN=397.581759 Rx 0 $703 D 8 2A 00 00 00 19 00 00 00 
397.68646,2021-05-21 22:03:37.686,16,76,113,0,0,65,0,0,CAN=397.68646 Rx 0 $703 D 8 10 4C 71 00 00 41 00 00 
397.687586,2021-05-21 22:03:37.687,33,0,0,0,0,0,0,35,CAN=397.687586 Rx 0 $703 D 8 21 00 00 00 00 00 00 23 
397.737747,2021-05-21 22:03:37.737,34,0,0,0,13,49,0,0,CAN=397.737747 Rx 0 $703 D 8 22 00 00 00 0D 31 00 00 
397.788735,2021-05-21 22:03:37.788,35,19,49,0,0,3,49,0,CAN=397.788735 Rx 0 $703 D 8 23 13 31 00 00 03 31 00 
397.839734,2021-05-21 22:03:37.839,36,0,229,48,0,0,236,48,CAN=397.839734 Rx 0 $703 D 8 24 00 E5 30 00 00 EC 30 
397.890735,2021-05-21 22:03:37.890,37,0,0,234,48,0,0,25,CAN=397.890735 Rx 0 $703 D 8 25 00 00 EA 30 00 00 19 
397.941734,2021-05-21 22:03:37.941,38,0,0,0,25,0,0,0,CAN=397.941734 Rx 0 $703 D 8 26 00 00 00 19 00 00 00 
397.992726,2021-05-21 22:03:37.992,39,25,0,0,0,151,5,0,CAN=397.992726 Rx 0 $703 D 8 27 19 00 00 00 97 05 00 
398.043723,2021-05-21 22:03:38.043,40,0,151,5,0,0,151,5,CAN=398.043723 Rx 0 $703 D 8 28 00 97 05 00 00 97 05 
398.09472,2021-05-21 22:03:38.094,41,0,0,25,0,0,0,25,CAN=398.09472 Rx 0 $703 D 8 29 00 00 19 00 00 00 19 
398.145721,2021-05-21 22:03:38.145,42,0,0,0,25,0,0,0,CAN=398.145721 Rx 0 $703 D 8 2A 00 00 00 19 00 00 00 
401.356203,2021-05-21 22:03:41.356,16,76,113,0,0,65,0,0,CAN=401.356203 Rx 0 $703 D 8 10 4C 71 00 00 41 00 00 
401.357326,2021-05-21 22:03:41.357,33,0,0,0,0,0,0,35,CAN=401.357326 Rx 0 $703 D 8 21 00 00 00 00 00 00 23 
401.407499,2021-05-21 22:03:41.407,34,0,0,0,27,49,0,0,CAN=401.407499 Rx 0 $703 D 8 22 00 00 00 1B 31 00 00 
401.458488,2021-05-21 22:03:41.458,35,10,49,0,0,5,49,0,CAN=401.458488 Rx 0 $703 D 8 23 0A 31 00 00 05 31 00 
401.509488,2021-05-21 22:03:41.509,36,0,223,48,0,0,228,48,CAN=401.509488 Rx 0 $703 D 8 24 00 DF 30 00 00 E4 30 
401.560487,2021-05-21 22:03:41.560,37,0,0,232,48,0,0,25,CAN=401.560487 Rx 0 $703 D 8 25 00 00 E8 30 00 00 19 
401.611485,2021-05-21 22:03:41.611,38,0,0,0,25,0,0,0,CAN=401.611485 Rx 0 $703 D 8 26 00 00 00 19 00 00 00 
401.662482,2021-05-21 22:03:41.662,39,25,0,0,0,149,5,0,CAN=401.662482 Rx 0 $703 D 8 27 19 00 00 00 95 05 00 
401.713477,2021-05-21 22:03:41.713,40,0,150,5,0,0,151,5,CAN=401.713477 Rx 0 $703 D 8 28 00 96 05 00 00 97 05 
401.764473,2021-05-21 22:03:41.764,41,0,0,25,0,0,0,25,CAN=401.764473 Rx 0 $703 D 8 29 00 00 19 00 00 00 19 
401.815474,2021-05-21 22:03:41.815,42,0,0,0,25,0,0,0,CAN=401.815474 Rx 0 $703 D 8 2A 00 00 00 19 00 00 00 
401.921365,2021-05-21 22:03:41.921,16,76,113,0,0,65,0,0,CAN=401.921365 Rx 0 $703 D 8 10 4C 71 00 00 41 00 00 
401.922676,2021-05-21 22:03:41.922,33,0,0,0,0,0,0,35,CAN=401.922676 Rx 0 $703 D 8 21 00 00 00 00 00 00 23 
401.973462,2021-05-21 22:03:41.973,34,0,0,0,27,49,0,0,CAN=401.973462 Rx 0 $703 D 8 22 00 00 00 1B 31 00 00 
402.024449,2021-05-21 22:03:42.024,35,10,49,0,0,5,49,0,CAN=402.024449 Rx 0 $703 D 8 23 0A 31 00 00 05 31 00 
402.07545,2021-05-21 22:03:42.075,36,0,223,48,0,0,228,48,CAN=402.07545 Rx 0 $703 D 8 24 00 DF 30 00 00 E4 30 
402.12663,2021-05-21 22:03:42.126,37,0,0,232,48,0,0,25,CAN=402.12663 Rx 0 $703 D 8 25 00 00 E8 30 00 00 19 
402.177449,2021-05-21 22:03:42.177,38,0,0,0,25,0,0,0,CAN=402.177449 Rx 0 $703 D 8 26 00 00 00 19 00 00 00 
402.228443,2021-05-21 22:03:42.228,39,25,0,0,0,149,5,0,CAN=402.228443 Rx 0 $703 D 8 27 19 00 00 00 95 05 00 
402.279438,2021-05-21 22:03:42.279,40,0,150,5,0,0,151,5,CAN=402.279438 Rx 0 $703 D 8 28 00 96 05 00 00 97 05 
402.330434,2021-05-21 22:03:42.330,41,0,0,25,0,0,0,25,CAN=402.330434 Rx 0 $703 D 8 29 00 00 19 00 00 00 19 
402.381435,2021-05-21 22:03:42.381,42,0,0,0,25,0,0,0,CAN=402.381435 Rx 0 $703 D 8 2A 00 00 00 19 00 00 00 
402.486128,2021-05-21 22:03:42.486,16,76,113,0,0,65,0,0,CAN=402.486128 Rx 0 $703 D 8 10 4C 71 00 00 41 00 00 
402.487152,2021-05-21 22:03:42.487,33,0,0,0,0,0,0,35,CAN=402.487152 Rx 0 $703 D 8 21 00 00 00 00 00 00 23 
402.537421,2021-05-21 22:03:42.537,34,0,0,0,15,49,0,0,CAN=402.537421 Rx 0 $703 D 8 22 00 00 00 0F 31 00 00 
402.588413,2021-05-21 22:03:42.588,35,14,49,0,0,5,49,0,CAN=402.588413 Rx 0 $703 D 8 23 0E 31 00 00 05 31 00 
402.639414,2021-05-21 22:03:42.639,36,0,217,48,0,0,223,48,CAN=402.639414 Rx 0 $703 D 8 24 00 D9 30 00 00 DF 30 
402.69041,2021-05-21 22:03:42.690,37,0,0,234,48,0,0,25,CAN=402.69041 Rx 0 $703 D 8 25 00 00 EA 30 00 00 19 
402.741409,2021-05-21 22:03:42.741,38,0,0,0,25,0,0,0,CAN=402.741409 Rx 0 $703 D 8 26 00 00 00 19 00 00 00 
402.792403,2021-05-21 22:03:42.792,39,25,0,0,0,148,5,0,CAN=402.792403 Rx 0 $703 D 8 27 19 00 00 00 94 05 00 
402.843398,2021-05-21 22:03:42.843,40,0,150,5,0,0,150,5,CAN=402.843398 Rx 0 $703 D 8 28 00 96 05 00 00 96 05 
402.894397,2021-05-21 22:03:42.894,41,0,0,25,0,0,0,25,CAN=402.894397 Rx 0 $703 D 8 29 00 00 19 00 00 00 19 
402.945396,2021-05-21 22:03:42.945,42,0,0,0,25,0,0,0,CAN=402.945396 Rx 0 $703 D 8 2A 00 00 00 19 00 00 00 
406.155879,2021-05-21 22:03:46.155,16,76,113,0,0,65,0,0,CAN=406.155879 Rx 0 $703 D 8 10 4C 71 00 00 41 00 00 
406.157388,2021-05-21 22:03:46.157,33,0,0,0,0,0,0,35,CAN=406.157388 Rx 0 $703 D 8 21 00 00 00 00 00 00 23 
406.208179,2021-05-21 22:03:46.208,34,0,0,0,251,48,0,0,CAN=406.208179 Rx 0 $703 D 8 22 00 00 00 FB 30 00 00 
406.259166,2021-05-21 22:03:46.259,35,11,49,0,0,7,49,0,CAN=406.259166 Rx 0 $703 D 8 23 0B 31 00 00 07 31 00 
406.310166,2021-05-21 22:03:46.310,36,0,226,48,0,0,224,48,CAN=406.310166 Rx 0 $703 D 8 24 00 E2 30 00 00 E0 30 
406.361163,2021-05-21 22:03:46.361,37,0,0,230,48,0,0,25,CAN=406.361163 Rx 0 $703 D 8 25 00 00 E6 30 00 00 19 
406.41216,2021-05-21 22:03:46.412,38,0,0,0,25,0,0,0,CAN=406.41216 Rx 0 $703 D 8 26 00 00 00 19 00 00 00 
406.463154,2021-05-21 22:03:46.463,39,25,0,0,0,151,5,0,CAN=406.463154 Rx 0 $703 D 8 27 19 00 00 00 97 05 00 
406.514154,2021-05-21 22:03:46.514,40,0,150,5,0,0,151,5,CAN=406.514154 Rx 0 $703 D 8 28 00 96 05 00 00 97 05 
406.565149,2021-05-21 22:03:46.565,41,0,0,25,0,0,0,25,CAN=406.565149 Rx 0 $703 D 8 29 00 00 19 00 00 00 19 
406.61615,2021-05-21 22:03:46.616,42,0,0,0,25,0,0,0,CAN=406.61615 Rx 0 $703 D 8 2A 00 00 00 19 00 00 00 
406.721042,2021-05-21 22:03:46.721,16,76,113,0,0,65,0,0,CAN=406.721042 Rx 0 $703 D 8 10 4C 71 00 00 41 00 00 
406.722494,2021-05-21 22:03:46.722,33,0,0,0,0,0,0,35,CAN=406.722494 Rx 0 $703 D 8 21 00 00 00 00 00 00 23 
406.773142,2021-05-21 22:03:46.773,34,0,0,0,251,48,0,0,CAN=406.773142 Rx 0 $703 D 8 22 00 00 00 FB 30 00 00 
406.824127,2021-05-21 22:03:46.824,35,11,49,0,0,7,49,0,CAN=406.824127 Rx 0 $703 D 8 23 0B 31 00 00 07 31 00 
406.875129,2021-05-21 22:03:46.875,36,0,226,48,0,0,224,48,CAN=406.875129 Rx 0 $703 D 8 24 00 E2 30 00 00 E0 30 
406.926125,2021-05-21 22:03:46.926,37,0,0,230,48,0,0,25,CAN=406.926125 Rx 0 $703 D 8 25 00 00 E6 30 00 00 19 
406.977123,2021-05-21 22:03:46.977,38,0,0,0,25,0,0,0,CAN=406.977123 Rx 0 $703 D 8 26 00 00 00 19 00 00 00 
407.028115,2021-05-21 22:03:47.028,39,25,0,0,0,151,5,0,CAN=407.028115 Rx 0 $703 D 8 27 19 00 00 00 97 05 00 
407.079114,2021-05-21 22:03:47.079,40,0,150,5,0,0,151,5,CAN=407.079114 Rx 0 $703 D 8 28 00 96 05 00 00 97 05 
407.130112,2021-05-21 22:03:47.130,41,0,0,25,0,0,0,25,CAN=407.130112 Rx 0 $703 D 8 29 00 00 19 00 00 00 19 
407.181111,2021-05-21 22:03:47.181,42,0,0,0,25,0,0,0,CAN=407.181111 Rx 0 $703 D 8 2A 00 00 00 19 00 00 00 
407.285804,2021-05-21 22:03:47.285,16,76,113,0,0,65,0,0,CAN=407.285804 Rx 0 $703 D 8 10 4C 71 00 00 41 00 00 
407.287344,2021-05-21 22:03:47.287,33,0,0,0,0,0,0,35,CAN=407.287344 Rx 0 $703 D 8 21 00 00 00 00 00 00 23 
407.338102,2021-05-21 22:03:47.338,34,0,0,0,253,48,0,0,CAN=407.338102 Rx 0 $703 D 8 22 00 00 00 FD 30 00 00 
407.389089,2021-05-21 22:03:47.389,35,6,49,0,0,7,49,0,CAN=407.389089 Rx 0 $703 D 8 23 06 31 00 00 07 31 00 
407.440087,2021-05-21 22:03:47.440,36,0,222,48,0,0,220,48,CAN=407.440087 Rx 0 $703 D 8 24 00 DE 30 00 00 DC 30 
407.491085,2021-05-21 22:03:47.491,37,0,0,228,48,0,0,25,CAN=407.491085 Rx 0 $703 D 8 25 00 00 E4 30 00 00 19 
407.542086,2021-05-21 22:03:47.542,38,0,0,0,25,0,0,0,CAN=407.542086 Rx 0 $703 D 8 26 00 00 00 19 00 00 00 
407.593078,2021-05-21 22:03:47.593,39,25,0,0,0,151,5,0,CAN=407.593078 Rx 0 $703 D 8 27 19 00 00 00 97 05 00 
407.644077,2021-05-21 22:03:47.644,40,0,150,5,0,0,151,5,CAN=407.644077 Rx 0 $703 D 8 28 00 96 05 00 00 97 05 
407.695072,2021-05-21 22:03:47.695,41,0,0,25,0,0,0,25,CAN=407.695072 Rx 0 $703 D 8 29 00 00 19 00 00 00 19 
407.746073,2021-05-21 22:03:47.746,42,0,0,0,25,0,0,0,CAN=407.746073 Rx 0 $703 D 8 2A 00 00 00 19 00 00 00 
410.955554,2021-05-21 22:03:50.955,16,76,113,0,0,65,3,0,CAN=410.955554 Rx 0 $703 D 8 10 4C 71 00 00 41 03 00 
410.95708,2021-05-21 22:03:50.957,33,0,0,2,0,0,0,1,CAN=410.95708 Rx 0 $703 D 8 21 00 00 02 00 00 00 01 
411.00785,2021-05-21 22:03:51.007,34,0,0,0,33,49,0,0,CAN=411.00785 Rx 0 $703 D 8 22 00 00 00 21 31 00 00 
411.058841,2021-05-21 22:03:51.058,35,14,49,0,0,14,49,0,CAN=411.058841 Rx 0 $703 D 8 23 0E 31 00 00 0E 31 00 
411.109843,2021-05-21 22:03:51.109,36,0,208,48,0,0,217,48,CAN=411.109843 Rx 0 $703 D 8 24 00 D0 30 00 00 D9 30 
411.160838,2021-05-21 22:03:51.160,37,0,0,226,48,0,0,25,CAN=411.160838 Rx 0 $703 D 8 25 00 00 E2 30 00 00 19 
411.211838,2021-05-21 22:03:51.211,38,0,0,0,25,0,0,0,CAN=411.211838 Rx 0 $703 D 8 26 00 00 00 19 00 00 00 
411.262832,2021-05-21 22:03:51.262,39,25,0,0,0,148,5,0,CAN=411.262832 Rx 0 $703 D 8 27 19 00 00 00 94 05 00 
411.313827,2021-05-21 22:03:51.313,40,0,150,5,0,0,150,5,CAN=411.313827 Rx 0 $703 D 8 28 00 96 05 00 00 96 05 
411.364825,2021-05-21 22:03:51.364,41,0,0,25,0,0,0,25,CAN=411.364825 Rx 0 $703 D 8 29 00 00 19 00 00 00 19 
411.415826,2021-05-21 22:03:51.415,42,0,0,0,25,0,0,0,CAN=411.415826 Rx 0 $703 D 8 2A 00 00 00 19 00 00 00 
411.520716,2021-05-21 22:03:51.520,16,76,113,0,0,65,3,0,CAN=411.520716 Rx 0 $703 D 8 10 4C 71 00 00 41 03 00 
411.52206,2021-05-21 22:03:51.522,33,0,0,2,0,0,0,1,CAN=411.52206 Rx 0 $703 D 8 21 00 00 02 00 00 00 01 
411.572812,2021-05-21 22:03:51.572,34,0,0,0,33,49,0,0,CAN=411.572812 Rx 0 $703 D 8 22 00 00 00 21 31 00 00 
411.623803,2021-05-21 22:03:51.623,35,14,49,0,0,14,49,0,CAN=411.623803 Rx 0 $703 D 8 23 0E 31 00 00 0E 31 00 
411.674805,2021-05-21 22:03:51.674,36,0,208,48,0,0,217,48,CAN=411.674805 Rx 0 $703 D 8 24 00 D0 30 00 00 D9 30 
411.7258,2021-05-21 22:03:51.725,37,0,0,226,48,0,0,25,CAN=411.7258 Rx 0 $703 D 8 25 00 00 E2 30 00 00 19 
411.7768,2021-05-21 22:03:51.776,38,0,0,0,25,0,0,0,CAN=411.7768 Rx 0 $703 D 8 26 00 00 00 19 00 00 00 
411.827794,2021-05-21 22:03:51.827,39,25,0,0,0,148,5,0,CAN=411.827794 Rx 0 $703 D 8 27 19 00 00 00 94 05 00 
411.878789,2021-05-21 22:03:51.878,40,0,150,5,0,0,150,5,CAN=411.878789 Rx 0 $703 D 8 28 00 96 05 00 00 96 05 
411.929787,2021-05-21 22:03:51.929,41,0,0,25,0,0,0,25,CAN=411.929787 Rx 0 $703 D 8 29 00 00 19 00 00 00 19 
411.980788,2021-05-21 22:03:51.980,42,0,0,0,25,0,0,0,CAN=411.980788 Rx 0 $703 D 8 2A 00 00 00 19 00 00 00 
412.085477,2021-05-21 22:03:52.085,16,76,113,0,0,65,3,0,CAN=412.085477 Rx 0 $703 D 8 10 4C 71 00 00 41 03 00 
412.086916,2021-05-21 22:03:52.086,33,0,0,2,0,0,0,1,CAN=412.086916 Rx 0 $703 D 8 21 00 00 02 00 00 00 01 
412.137775,2021-05-21 22:03:52.137,34,0,0,0,29,49,0,0,CAN=412.137775 Rx 0 $703 D 8 22 00 00 00 1D 31 00 00 
412.188769,2021-05-21 22:03:52.188,35,13,49,0,0,13,49,0,CAN=412.188769 Rx 0 $703 D 8 23 0D 31 00 00 0D 31 00 
412.239764,2021-05-21 22:03:52.239,36,0,215,48,0,0,219,48,CAN=412.239764 Rx 0 $703 D 8 24 00 D7 30 00 00 DB 30 
412.290762,2021-05-21 22:03:52.290,37,0,0,227,48,0,0,25,CAN=412.290762 Rx 0 $703 D 8 25 00 00 E3 30 00 00 19 
412.341761,2021-05-21 22:03:52.341,38,0,0,0,25,0,0,0,CAN=412.341761 Rx 0 $703 D 8 26 00 00 00 19 00 00 00 
412.392756,2021-05-21 22:03:52.392,39,25,0,0,0,148,5,0,CAN=412.392756 Rx 0 $703 D 8 27 19 00 00 00 94 05 00 
412.443751,2021-05-21 22:03:52.443,40,0,150,5,0,0,150,5,CAN=412.443751 Rx 0 $703 D 8 28 00 96 05 00 00 96 05 
412.49475,2021-05-21 22:03:52.494,41,0,0,25,0,0,0,25,CAN=412.49475 Rx 0 $703 D 8 29 00 00 19 00 00 00 19 
412.54575,2021-05-21 22:03:52.545,42,0,0,0,25,0,0,0,CAN=412.54575 Rx 0 $703 D 8 2A 00 00 00 19 00 00 00 
415.755231,2021-05-21 22:03:55.755,16,76,113,0,0,65,3,0,CAN=415.755231 Rx 0 $703 D 8 10 4C 71 00 00 41 03 00 
415.756779,2021-05-21 22:03:55.756,33,0,0,2,0,0,0,1,CAN=415.756779 Rx 0 $703 D 8 21 00 00 02 00 00 00 01 
415.807528,2021-05-21 22:03:55.807,34,0,0,0,12,49,0,0,CAN=415.807528 Rx 0 $703 D 8 22 00 00 00 0C 31 00 00 
415.85852,2021-05-21 22:03:55.858,35,22,49,0,0,15,49,0,CAN=415.85852 Rx 0 $703 D 8 23 16 31 00 00 0F 31 00 
415.909518,2021-05-21 22:03:55.909,36,0,243,48,0,0,221,48,CAN=415.909518 Rx 0 $703 D 8 24 00 F3 30 00 00 DD 30 
415.960515,2021-05-21 22:03:55.960,37,0,0,227,48,0,0,25,CAN=415.960515 Rx 0 $703 D 8 25 00 00 E3 30 00 00 19 
416.011515,2021-05-21 22:03:56.011,38,0,0,0,25,0,0,0,CAN=416.011515 Rx 0 $703 D 8 26 00 00 00 19 00 00 00 
416.062507,2021-05-21 22:03:56.062,39,25,0,0,0,151,5,0,CAN=416.062507 Rx 0 $703 D 8 27 19 00 00 00 97 05 00 
416.113504,2021-05-21 22:03:56.113,40,0,150,5,0,0,150,5,CAN=416.113504 Rx 0 $703 D 8 28 00 96 05 00 00 96 05 
416.164502,2021-05-21 22:03:56.164,41,0,0,25,0,0,0,25,CAN=416.164502 Rx 0 $703 D 8 29 00 00 19 00 00 00 19 
416.215503,2021-05-21 22:03:56.215,42,0,0,0,25,0,0,0,CAN=416.215503 Rx 0 $703 D 8 2A 00 00 00 19 00 00 00 
416.320397,2021-05-21 22:03:56.320,16,76,113,0,0,65,0,0,CAN=416.320397 Rx 0 $703 D 8 10 4C 71 00 00 41 00 00 
416.321757,2021-05-21 22:03:56.321,33,0,0,2,0,0,0,1,CAN=416.321757 Rx 0 $703 D 8 21 00 00 02 00 00 00 01 
416.372487,2021-05-21 22:03:56.372,34,0,0,0,10,49,0,0,CAN=416.372487 Rx 0 $703 D 8 22 00 00 00 0A 31 00 00 
416.423479,2021-05-21 22:03:56.423,35,22,49,0,0,16,49,0,CAN=416.423479 Rx 0 $703 D 8 23 16 31 00 00 10 31 00 
416.474477,2021-05-21 22:03:56.474,36,0,230,48,0,0,219,48,CAN=416.474477 Rx 0 $703 D 8 24 00 E6 30 00 00 DB 30 
416.525476,2021-05-21 22:03:56.525,37,0,0,225,48,0,0,25,CAN=416.525476 Rx 0 $703 D 8 25 00 00 E1 30 00 00 19 
416.576475,2021-05-21 22:03:56.576,38,0,0,0,25,0,0,0,CAN=416.576475 Rx 0 $703 D 8 26 00 00 00 19 00 00 00 
416.627468,2021-05-21 22:03:56.627,39,25,0,0,0,151,5,0,CAN=416.627468 Rx 0 $703 D 8 27 19 00 00 00 97 05 00 
416.678465,2021-05-21 22:03:56.678,40,0,150,5,0,0,150,5,CAN=416.678465 Rx 0 $703 D 8 28 00 96 05 00 00 96 05 
416.729465,2021-05-21 22:03:56.729,41,0,0,25,0,0,0,25,CAN=416.729465 Rx 0 $703 D 8 29 00 00 19 00 00 00 19 
416.780464,2021-05-21 22:03:56.780,42,0,0,0,25,0,0,0,CAN=416.780464 Rx 0 $703 D 8 2A 00 00 00 19 00 00 00 
416.885159,2021-05-21 22:03:56.885,16,76,113,0,0,65,0,0,CAN=416.885159 Rx 0 $703 D 8 10 4C 71 00 00 41 00 00 
416.886736,2021-05-21 22:03:56.886,33,0,0,2,0,0,0,1,CAN=416.886736 Rx 0 $703 D 8 21 00 00 02 00 00 00 01 
416.937451,2021-05-21 22:03:56.937,34,0,0,0,10,49,0,0,CAN=416.937451 Rx 0 $703 D 8 22 00 00 00 0A 31 00 00 
416.988441,2021-05-21 22:03:56.988,35,22,49,0,0,16,49,0,CAN=416.988441 Rx 0 $703 D 8 23 16 31 00 00 10 31 00 
417.03944,2021-05-21 22:03:57.039,36,0,230,48,0,0,219,48,CAN=417.03944 Rx 0 $703 D 8 24 00 E6 30 00 00 DB 30 
417.090438,2021-05-21 22:03:57.090,37,0,0,225,48,0,0,25,CAN=417.090438 Rx 0 $703 D 8 25 00 00 E1 30 00 00 19 
417.141437,2021-05-21 22:03:57.141,38,0,0,0,25,0,0,0,CAN=417.141437 Rx 0 $703 D 8 26 00 00 00 19 00 00 00 
417.19243,2021-05-21 22:03:57.192,39,25,0,0,0,151,5,0,CAN=417.19243 Rx 0 $703 D 8 27 19 00 00 00 97 05 00 
417.243426,2021-05-21 22:03:57.243,40,0,150,5,0,0,150,5,CAN=417.243426 Rx 0 $703 D 8 28 00 96 05 00 00 96 05 
417.294426,2021-05-21 22:03:57.294,41,0,0,25,0,0,0,25,CAN=417.294426 Rx 0 $703 D 8 29 00 00 19 00 00 00 19 
417.345425,2021-05-21 22:03:57.345,42,0,0,0,25,0,0,0,CAN=417.345425 Rx 0 $703 D 8 2A 00 00 00 19 00 00 00 
420.554909,2021-05-21 22:04:00.554,16,76,113,0,0,65,0,0,CAN=420.554909 Rx 0 $703 D 8 10 4C 71 00 00 41 00 00 
420.556107,2021-05-21 22:04:00.556,33,0,0,2,0,0,0,1,CAN=420.556107 Rx 0 $703 D 8 21 00 00 02 00 00 00 01 
420.606202,2021-05-21 22:04:00.606,34,0,0,0,15,49,0,0,CAN=420.606202 Rx 0 $703 D 8 22 00 00 00 0F 31 00 00 
420.657196,2021-05-21 22:04:00.657,35,13,49,0,0,13,49,0,CAN=420.657196 Rx 0 $703 D 8 23 0D 31 00 00 0D 31 00 
420.708194,2021-05-21 22:04:00.708,36,0,219,48,0,0,231,48,CAN=420.708194 Rx 0 $703 D 8 24 00 DB 30 00 00 E7 30 
420.759195,2021-05-21 22:04:00.759,37,0,0,224,48,0,0,25,CAN=420.759195 Rx 0 $703 D 8 25 00 00 E0 30 00 00 19 
420.810191,2021-05-21 22:04:00.810,38,0,0,0,25,0,0,0,CAN=420.810191 Rx 0 $703 D 8 26 00 00 00 19 00 00 00 
420.861183,2021-05-21 22:04:00.861,39,25,0,0,0,150,5,0,CAN=420.861183 Rx 0 $703 D 8 27 19 00 00 00 96 05 00 
420.912181,2021-05-21 22:04:00.912,40,0,151,5,0,0,150,5,CAN=420.912181 Rx 0 $703 D 8 28 00 97 05 00 00 96 05 
420.963178,2021-05-21 22:04:00.963,41,0,0,25,0,0,0,25,CAN=420.963178 Rx 0 $703 D 8 29 00 00 19 00 00 00 19 
421.014179,2021-05-21 22:04:01.014,42,0,0,0,25,0,0,0,CAN=421.014179 Rx 0 $703 D 8 2A 00 00 00 19 00 00 00 
421.120077,2021-05-21 22:04:01.120,16,76,113,0,0,65,0,0,CAN=421.120077 Rx 0 $703 D 8 10 4C 71 00 00 41 00 00 
421.121325,2021-05-21 22:04:01.121,33,0,0,0,0,0,0,1,CAN=421.121325 Rx 0 $703 D 8 21 00 00 00 00 00 00 01 
421.172165,2021-05-21 22:04:01.172,34,0,0,0,25,49,0,0,CAN=421.172165 Rx 0 $703 D 8 22 00 00 00 19 31 00 00 
421.223154,2021-05-21 22:04:01.223,35,18,49,0,0,14,49,0,CAN=421.223154 Rx 0 $703 D 8 23 12 31 00 00 0E 31 00 
421.274156,2021-05-21 22:04:01.274,36,0,223,48,0,0,226,48,CAN=421.274156 Rx 0 $703 D 8 24 00 DF 30 00 00 E2 30 
421.325157,2021-05-21 22:04:01.325,37,0,0,224,48,0,0,25,CAN=421.325157 Rx 0 $703 D 8 25 00 00 E0 30 00 00 19 
421.376153,2021-05-21 22:04:01.376,38,0,0,0,25,0,0,0,CAN=421.376153 Rx 0 $703 D 8 26 00 00 00 19 00 00 00 
421.427145,2021-05-21 22:04:01.427,39,25,0,0,0,150,5,0,CAN=421.427145 Rx 0 $703 D 8 27 19 00 00 00 96 05 00 
421.478143,2021-05-21 22:04:01.478,40,0,151,5,0,0,150,5,CAN=421.478143 Rx 0 $703 D 8 28 00 97 05 00 00 96 05 
421.52914,2021-05-21 22:04:01.529,41,0,0,25,0,0,0,25,CAN=421.52914 Rx 0 $703 D 8 29 00 00 19 00 00 00 19 
421.58014,2021-05-21 22:04:01.580,42,0,0,0,25,0,0,0,CAN=421.58014 Rx 0 $703 D 8 2A 00 00 00 19 00 00 00 
421.684833,2021-05-21 22:04:01.684,16,76,113,0,0,65,0,0,CAN=421.684833 Rx 0 $703 D 8 10 4C 71 00 00 41 00 00 
421.686308,2021-05-21 22:04:01.686,33,0,0,0,0,0,0,1,CAN=421.686308 Rx 0 $703 D 8 21 00 00 00 00 00 00 01 
421.737127,2021-05-21 22:04:01.737,34,0,0,0,25,49,0,0,CAN=421.737127 Rx 0 $703 D 8 22 00 00 00 19 31 00 00 
421.788117,2021-05-21 22:04:01.788,35,18,49,0,0,14,49,0,CAN=421.788117 Rx 0 $703 D 8 23 12 31 00 00 0E 31 00 
421.839117,2021-05-21 22:04:01.839,36,0,223,48,0,0,226,48,CAN=421.839117 Rx 0 $703 D 8 24 00 DF 30 00 00 E2 30 
421.89012,2021-05-21 22:04:01.890,37,0,0,224,48,0,0,25,CAN=421.89012 Rx 0 $703 D 8 25 00 00 E0 30 00 00 19 
421.941113,2021-05-21 22:04:01.941,38,0,0,0,25,0,0,0,CAN=421.941113 Rx 0 $703 D 8 26 00 00 00 19 00 00 00 
421.992105,2021-05-21 22:04:01.992,39,25,0,0,0,150,5,0,CAN=421.992105 Rx 0 $703 D 8 27 19 00 00 00 96 05 00 
422.043103,2021-05-21 22:04:02.043,40,0,151,5,0,0,150,5,CAN=422.043103 Rx 0 $703 D 8 28 00 97 05 00 00 96 05 
422.094102,2021-05-21 22:04:02.094,41,0,0,25,0,0,0,25,CAN=422.094102 Rx 0 $703 D 8 29 00 00 19 00 00 00 19 
422.145102,2021-05-21 22:04:02.145,42,0,0,0,25,0,0,0,CAN=422.145102 Rx 0 $703 D 8 2A 00 00 00 19 00 00 00 
425.354585,2021-05-21 22:04:05.354,16,76,113,0,0,65,0,0,CAN=425.354585 Rx 0 $703 D 8 10 4C 71 00 00 41 00 00 
425.356045,2021-05-21 22:04:05.356,33,0,0,0,0,0,0,1,CAN=425.356045 Rx 0 $703 D 8 21 00 00 00 00 00 00 01 
425.40688,2021-05-21 22:04:05.406,34,0,0,0,23,49,0,0,CAN=425.40688 Rx 0 $703 D 8 22 00 00 00 17 31 00 00 
425.457869,2021-05-21 22:04:05.457,35,19,49,0,0,18,49,0,CAN=425.457869 Rx 0 $703 D 8 23 13 31 00 00 12 31 00 
425.508873,2021-05-21 22:04:05.508,36,0,226,48,0,0,222,48,CAN=425.508873 Rx 0 $703 D 8 24 00 E2 30 00 00 DE 30 
425.559867,2021-05-21 22:04:05.559,37,0,0,221,48,0,0,25,CAN=425.559867 Rx 0 $703 D 8 25 00 00 DD 30 00 00 19 
425.610867,2021-05-21 22:04:05.610,38,0,0,0,25,0,0,0,CAN=425.610867 Rx 0 $703 D 8 26 00 00 00 19 00 00 00 
425.661858,2021-05-21 22:04:05.661,39,25,0,0,0,151,5,0,CAN=425.661858 Rx 0 $703 D 8 27 19 00 00 00 97 05 00 
425.712856,2021-05-21 22:04:05.712,40,0,151,5,0,0,150,5,CAN=425.712856 Rx 0 $703 D 8 28 00 97 05 00 00 96 05 
425.763855,2021-05-21 22:04:05.763,41,0,0,25,0,0,0,25,CAN=425.763855 Rx 0 $703 D 8 29 00 00 19 00 00 00 19 
425.814855,2021-05-21 22:04:05.814,42,0,0,0,25,0,0,0,CAN=425.814855 Rx 0 $703 D 8 2A 00 00 00 19 00 00 00 
425.919752,2021-05-21 22:04:05.919,16,76,113,0,0,65,0,0,CAN=425.919752 Rx 0 $703 D 8 10 4C 71 00 00 41 00 00 
425.920905,2021-05-21 22:04:05.920,33,0,0,0,0,0,0,1,CAN=425.920905 Rx 0 $703 D 8 21 00 00 00 00 00 00 01 
425.971843,2021-05-21 22:04:05.971,34,0,0,0,23,49,0,0,CAN=425.971843 Rx 0 $703 D 8 22 00 00 00 17 31 00 00 
426.02283,2021-05-21 22:04:06.022,35,19,49,0,0,18,49,0,CAN=426.02283 Rx 0 $703 D 8 23 13 31 00 00 12 31 00 
426.073836,2021-05-21 22:04:06.073,36,0,226,48,0,0,222,48,CAN=426.073836 Rx 0 $703 D 8 24 00 E2 30 00 00 DE 30 
426.124829,2021-05-21 22:04:06.124,37,0,0,221,48,0,0,25,CAN=426.124829 Rx 0 $703 D 8 25 00 00 DD 30 00 00 19 
426.175829,2021-05-21 22:04:06.175,38,0,0,0,25,0,0,0,CAN=426.175829 Rx 0 $703 D 8 26 00 00 00 19 00 00 00 
426.226821,2021-05-21 22:04:06.226,39,25,0,0,0,151,5,0,CAN=426.226821 Rx 0 $703 D 8 27 19 00 00 00 97 05 00 
426.277818,2021-05-21 22:04:06.277,40,0,151,5,0,0,150,5,CAN=426.277818 Rx 0 $703 D 8 28 00 97 05 00 00 96 05 
426.328816,2021-05-21 22:04:06.328,41,0,0,25,0,0,0,25,CAN=426.328816 Rx 0 $703 D 8 29 00 00 19 00 00 00 19 
426.379818,2021-05-21 22:04:06.379,42,0,0,0,25,0,0,0,CAN=426.379818 Rx 0 $703 D 8 2A 00 00 00 19 00 00 00 
426.484509,2021-05-21 22:04:06.484,16,76,113,0,0,65,0,0,CAN=426.484509 Rx 0 $703 D 8 10 4C 71 00 00 41 00 00 
426.485632,2021-05-21 22:04:06.485,33,0,0,0,0,0,0,1,CAN=426.485632 Rx 0 $703 D 8 21 00 00 00 00 00 00 01 
426.535805,2021-05-21 22:04:06.535,34,0,0,0,16,49,0,0,CAN=426.535805 Rx 0 $703 D 8 22 00 00 00 10 31 00 00 
426.586791,2021-05-21 22:04:06.586,35,21,49,0,0,18,49,0,CAN=426.586791 Rx 0 $703 D 8 23 15 31 00 00 12 31 00 
426.637795,2021-05-21 22:04:06.637,36,0,226,48,0,0,224,48,CAN=426.637795 Rx 0 $703 D 8 24 00 E2 30 00 00 E0 30 
426.688793,2021-05-21 22:04:06.688,37,0,0,222,48,0,0,25,CAN=426.688793 Rx 0 $703 D 8 25 00 00 DE 30 00 00 19 
426.73979,2021-05-21 22:04:06.739,38,0,0,0,25,0,0,0,CAN=426.73979 Rx 0 $703 D 8 26 00 00 00 19 00 00 00 
426.790783,2021-05-21 22:04:06.790,39,25,0,0,0,151,5,0,CAN=426.790783 Rx 0 $703 D 8 27 19 00 00 00 97 05 00 
426.84178,2021-05-21 22:04:06.841,40,0,151,5,0,0,150,5,CAN=426.84178 Rx 0 $703 D 8 28 00 97 05 00 00 96 05 
426.892779,2021-05-21 22:04:06.892,41,0,0,25,0,0,0,25,CAN=426.892779 Rx 0 $703 D 8 29 00 00 19 00 00 00 19 
426.943779,2021-05-21 22:04:06.943,42,0,0,0,25,0,0,0,CAN=426.943779 Rx 0 $703 D 8 2A 00 00 00 19 00 00 00 
430.154261,2021-05-21 22:04:10.154,16,76,113,0,0,65,0,0,CAN=430.154261 Rx 0 $703 D 8 10 4C 71 00 00 41 00 00 
430.155615,2021-05-21 22:04:10.155,33,0,0,0,0,0,0,1,CAN=430.155615 Rx 0 $703 D 8 21 00 00 00 00 00 00 01 
430.206555,2021-05-21 22:04:10.206,34,0,0,0,18,49,0,0,CAN=430.206555 Rx 0 $703 D 8 22 00 00 00 12 31 00 00 
430.257545,2021-05-21 22:04:10.257,35,20,49,0,0,14,49,0,CAN=430.257545 Rx 0 $703 D 8 23 14 31 00 00 0E 31 00 
430.308545,2021-05-21 22:04:10.308,36,0,214,48,0,0,220,48,CAN=430.308545 Rx 0 $703 D 8 24 00 D6 30 00 00 DC 30 
430.359544,2021-05-21 22:04:10.359,37,0,0,222,48,0,0,25,CAN=430.359544 Rx 0 $703 D 8 25 00 00 DE 30 00 00 19 
430.410542,2021-05-21 22:04:10.410,38,0,0,0,25,0,0,0,CAN=430.410542 Rx 0 $703 D 8 26 00 00 00 19 00 00 00 
430.461534,2021-05-21 22:04:10.461,39,25,0,0,0,150,5,0,CAN=430.461534 Rx 0 $703 D 8 27 19 00 00 00 96 05 00 
430.512532,2021-05-21 22:04:10.512,40,0,151,5,0,0,150,5,CAN=430.512532 Rx 0 $703 D 8 28 00 97 05 00 00 96 05 
430.563531,2021-05-21 22:04:10.563,41,0,0,25,0,0,0,25,CAN=430.563531 Rx 0 $703 D 8 29 00 00 19 00 00 00 19 
430.614531,2021-05-21 22:04:10.614,42,0,0,0,25,0,0,0,CAN=430.614531 Rx 0 $703 D 8 2A 00 00 00 19 00 00 00 
430.719423,2021-05-21 22:04:10.719,16,76,113,0,0,65,0,0,CAN=430.719423 Rx 0 $703 D 8 10 4C 71 00 00 41 00 00 
430.720844,2021-05-21 22:04:10.720,33,0,0,0,0,0,0,1,CAN=430.720844 Rx 0 $703 D 8 21 00 00 00 00 00 00 01 
430.771518,2021-05-21 22:04:10.771,34,0,0,0,18,49,0,0,CAN=430.771518 Rx 0 $703 D 8 22 00 00 00 12 31 00 00 
430.822507,2021-05-21 22:04:10.822,35,20,49,0,0,14,49,0,CAN=430.822507 Rx 0 $703 D 8 23 14 31 00 00 0E 31 00 
430.873507,2021-05-21 22:04:10.873,36,0,214,48,0,0,220,48,CAN=430.873507 Rx 0 $703 D 8 24 00 D6 30 00 00 DC 30 
430.924506,2021-05-21 22:04:10.924,37,0,0,222,48,0,0,25,CAN=430.924506 Rx 0 $703 D 8 25 00 00 DE 30 00 00 19 
430.975504,2021-05-21 22:04:10.975,38,0,0,0,25,0,0,0,CAN=430.975504 Rx 0 $703 D 8 26 00 00 00 19 00 00 00 
431.026498,2021-05-21 22:04:11.026,39,25,0,0,0,150,5,0,CAN=431.026498 Rx 0 $703 D 8 27 19 00 00 00 96 05 00 
431.077493,2021-05-21 22:04:11.077,40,0,151,5,0,0,150,5,CAN=431.077493 Rx 0 $703 D 8 28 00 97 05 00 00 96 05 
431.128493,2021-05-21 22:04:11.128,41,0,0,25,0,0,0,25,CAN=431.128493 Rx 0 $703 D 8 29 00 00 19 00 00 00 19 
431.179493,2021-05-21 22:04:11.179,42,0,0,0,25,0,0,0,CAN=431.179493 Rx 0 $703 D 8 2A 00 00 00 19 00 00 00 
431.284186,2021-05-21 22:04:11.284,16,76,113,0,0,65,0,0,CAN=431.284186 Rx 0 $703 D 8 10 4C 71 00 00 41 00 00 
431.285456,2021-05-21 22:04:11.285,33,0,0,0,0,0,0,1,CAN=431.285456 Rx 0 $703 D 8 21 00 00 00 00 00 00 01 
431.335478,2021-05-21 22:04:11.335,34,0,0,0,13,49,0,0,CAN=431.335478 Rx 0 $703 D 8 22 00 00 00 0D 31 00 00 
431.386472,2021-05-21 22:04:11.386,35,14,49,0,0,15,49,0,CAN=431.386472 Rx 0 $703 D 8 23 0E 31 00 00 0F 31 00 
431.437472,2021-05-21 22:04:11.437,36,0,219,48,0,0,223,48,CAN=431.437472 Rx 0 $703 D 8 24 00 DB 30 00 00 DF 30 
431.488468,2021-05-21 22:04:11.488,37,0,0,222,48,0,0,25,CAN=431.488468 Rx 0 $703 D 8 25 00 00 DE 30 00 00 19 
431.539467,2021-05-21 22:04:11.539,38,0,0,0,25,0,0,0,CAN=431.539467 Rx 0 $703 D 8 26 00 00 00 19 00 00 00 
431.590459,2021-05-21 22:04:11.590,39,25,0,0,0,150,5,0,CAN=431.590459 Rx 0 $703 D 8 27 19 00 00 00 96 05 00 
431.641456,2021-05-21 22:04:11.641,40,0,151,5,0,0,150,5,CAN=431.641456 Rx 0 $703 D 8 28 00 97 05 00 00 96 05 
431.692454,2021-05-21 22:04:11.692,41,0,0,25,0,0,0,25,CAN=431.692454 Rx 0 $703 D 8 29 00 00 19 00 00 00 19 
431.743455,2021-05-21 22:04:11.743,42,0,0,0,25,0,0,0,CAN=431.743455 Rx 0 $703 D 8 2A 00 00 00 19 00 00 00 
434.953939,2021-05-21 22:04:14.953,16,76,113,0,0,65,23,0,CAN=434.953939 Rx 0 $703 D 8 10 4C 71 00 00 41 17 00 
434.955065,2021-05-21 22:04:14.955,33,0,0,16,0,0,0,9,CAN=434.955065 Rx 0 $703 D 8 21 00 00 10 00 00 00 09 
435.005232,2021-05-21 22:04:15.005,34,0,0,0,12,49,0,0,CAN=435.005232 Rx 0 $703 D 8 22 00 00 00 0C 31 00 00 
435.056224,2021-05-21 22:04:15.056,35,15,49,0,0,18,49,0,CAN=435.056224 Rx 0 $703 D 8 23 0F 31 00 00 12 31 00 
435.107222,2021-05-21 22:04:15.107,36,0,233,48,0,0,223,48,CAN=435.107222 Rx 0 $703 D 8 24 00 E9 30 00 00 DF 30 
435.15822,2021-05-21 22:04:15.158,37,0,0,222,48,0,0,25,CAN=435.15822 Rx 0 $703 D 8 25 00 00 DE 30 00 00 19 
435.209221,2021-05-21 22:04:15.209,38,0,0,0,25,0,0,0,CAN=435.209221 Rx 0 $703 D 8 26 00 00 00 19 00 00 00 
435.260212,2021-05-21 22:04:15.260,39,25,0,0,0,151,5,0,CAN=435.260212 Rx 0 $703 D 8 27 19 00 00 00 97 05 00 
435.311208,2021-05-21 22:04:15.311,40,0,151,5,0,0,150,5,CAN=435.311208 Rx 0 $703 D 8 28 00 97 05 00 00 96 05 
435.362207,2021-05-21 22:04:15.362,41,0,0,25,0,0,0,25,CAN=435.362207 Rx 0 $703 D 8 29 00 00 19 00 00 00 19 
435.413208,2021-05-21 22:04:15.413,42,0,0,0,25,0,0,0,CAN=435.413208 Rx 0 $703 D 8 2A 00 00 00 19 00 00 00 
435.519105,2021-05-21 22:04:15.519,16,76,113,0,0,65,23,0,CAN=435.519105 Rx 0 $703 D 8 10 4C 71 00 00 41 17 00 
435.520538,2021-05-21 22:04:15.520,33,0,0,16,0,0,0,9,CAN=435.520538 Rx 0 $703 D 8 21 00 00 10 00 00 00 09 
435.571194,2021-05-21 22:04:15.571,34,0,0,0,12,49,0,0,CAN=435.571194 Rx 0 $703 D 8 22 00 00 00 0C 31 00 00 
435.622185,2021-05-21 22:04:15.622,35,15,49,0,0,18,49,0,CAN=435.622185 Rx 0 $703 D 8 23 0F 31 00 00 12 31 00 
435.673184,2021-05-21 22:04:15.673,36,0,233,48,0,0,223,48,CAN=435.673184 Rx 0 $703 D 8 24 00 E9 30 00 00 DF 30 
435.724183,2021-05-21 22:04:15.724,37,0,0,222,48,0,0,25,CAN=435.724183 Rx 0 $703 D 8 25 00 00 DE 30 00 00 19 
435.775181,2021-05-21 22:04:15.775,38,0,0,0,25,0,0,0,CAN=435.775181 Rx 0 $703 D 8 26 00 00 00 19 00 00 00 
435.826172,2021-05-21 22:04:15.826,39,25,0,0,0,151,5,0,CAN=435.826172 Rx 0 $703 D 8 27 19 00 00 00 97 05 00 
435.87717,2021-05-21 22:04:15.877,40,0,151,5,0,0,150,5,CAN=435.87717 Rx 0 $703 D 8 28 00 97 05 00 00 96 05 
435.928169,2021-05-21 22:04:15.928,41,0,0,25,0,0,0,25,CAN=435.928169 Rx 0 $703 D 8 29 00 00 19 00 00 00 19 
435.979168,2021-05-21 22:04:15.979,42,0,0,0,25,0,0,0,CAN=435.979168 Rx 0 $703 D 8 2A 00 00 00 19 00 00 00 
436.083862,2021-05-21 22:04:16.083,16,76,113,0,0,65,23,0,CAN=436.083862 Rx 0 $703 D 8 10 4C 71 00 00 41 17 00 
436.085141,2021-05-21 22:04:16.085,33,0,0,16,0,0,0,9,CAN=436.085141 Rx 0 $703 D 8 21 00 00 10 00 00 00 09 
436.135156,2021-05-21 22:04:16.135,34,0,0,0,23,49,0,0,CAN=436.135156 Rx 0 $703 D 8 22 00 00 00 17 31 00 00 
436.186146,2021-05-21 22:04:16.186,35,18,49,0,0,20,49,0,CAN=436.186146 Rx 0 $703 D 8 23 12 31 00 00 14 31 00 
436.237147,2021-05-21 22:04:16.237,36,0,228,48,0,0,223,48,CAN=436.237147 Rx 0 $703 D 8 24 00 E4 30 00 00 DF 30 
436.288144,2021-05-21 22:04:16.288,37,0,0,222,48,0,0,25,CAN=436.288144 Rx 0 $703 D 8 25 00 00 DE 30 00 00 19 
436.339143,2021-05-21 22:04:16.339,38,0,0,0,25,0,0,0,CAN=436.339143 Rx 0 $703 D 8 26 00 00 00 19 00 00 00 
436.390136,2021-05-21 22:04:16.390,39,25,0,0,0,151,5,0,CAN=436.390136 Rx 0 $703 D 8 27 19 00 00 00 97 05 00 
436.441132,2021-05-21 22:04:16.441,40,0,151,5,0,0,150,5,CAN=436.441132 Rx 0 $703 D 8 28 00 97 05 00 00 96 05 
436.492132,2021-05-21 22:04:16.492,41,0,0,25,0,0,0,25,CAN=436.492132 Rx 0 $703 D 8 29 00 00 19 00 00 00 19 
436.543131,2021-05-21 22:04:16.543,42,0,0,0,25,0,0,0,CAN=436.543131 Rx 0 $703 D 8 2A 00 00 00 19 00 00 00 
442.853404,2021-05-21 22:04:22.853,16,76,113,0,0,65,0,0,CAN=442.853404 Rx 0 $703 D 8 10 4C 71 00 00 41 00 00 
442.854888,2021-05-21 22:04:22.854,33,0,0,16,0,0,0,9,CAN=442.854888 Rx 0 $703 D 8 21 00 00 10 00 00 00 09 
442.905702,2021-05-21 22:04:22.905,34,0,0,0,244,48,0,0,CAN=442.905702 Rx 0 $703 D 8 22 00 00 00 F4 30 00 00 
442.95669,2021-05-21 22:04:22.956,35,6,49,0,0,13,49,0,CAN=442.95669 Rx 0 $703 D 8 23 06 31 00 00 0D 31 00 
443.007686,2021-05-21 22:04:23.007,36,0,1,49,0,0,238,48,CAN=443.007686 Rx 0 $703 D 8 24 00 01 31 00 00 EE 30 
443.058688,2021-05-21 22:04:23.058,37,0,0,229,48,0,0,25,CAN=443.058688 Rx 0 $703 D 8 25 00 00 E5 30 00 00 19 
443.109686,2021-05-21 22:04:23.109,38,0,0,0,25,0,0,0,CAN=443.109686 Rx 0 $703 D 8 26 00 00 00 19 00 00 00 
443.160678,2021-05-21 22:04:23.160,39,25,0,0,0,150,5,0,CAN=443.160678 Rx 0 $703 D 8 27 19 00 00 00 96 05 00 
443.211678,2021-05-21 22:04:23.211,40,0,151,5,0,0,151,5,CAN=443.211678 Rx 0 $703 D 8 28 00 97 05 00 00 97 05 
443.262674,2021-05-21 22:04:23.262,41,0,0,25,0,0,0,25,CAN=443.262674 Rx 0 $703 D 8 29 00 00 19 00 00 00 19 
443.313674,2021-05-21 22:04:23.313,42,0,0,0,25,0,0,0,CAN=443.313674 Rx 0 $703 D 8 2A 00 00 00 19 00 00 00 
443.418574,2021-05-21 22:04:23.418,16,76,113,0,0,65,0,0,CAN=443.418574 Rx 0 $703 D 8 10 4C 71 00 00 41 00 00 
443.419749,2021-05-21 22:04:23.419,33,0,0,16,0,0,0,9,CAN=443.419749 Rx 0 $703 D 8 21 00 00 10 00 00 00 09 
443.470663,2021-05-21 22:04:23.470,34,0,0,0,243,48,0,0,CAN=443.470663 Rx 0 $703 D 8 22 00 00 00 F3 30 00 00 
443.521654,2021-05-21 22:04:23.521,35,3,49,0,0,13,49,0,CAN=443.521654 Rx 0 $703 D 8 23 03 31 00 00 0D 31 00 
443.572655,2021-05-21 22:04:23.572,36,0,254,48,0,0,236,48,CAN=443.572655 Rx 0 $703 D 8 24 00 FE 30 00 00 EC 30 
443.623648,2021-05-21 22:04:23.623,37,0,0,228,48,0,0,25,CAN=443.623648 Rx 0 $703 D 8 25 00 00 E4 30 00 00 19 
443.674648,2021-05-21 22:04:23.674,38,0,0,0,25,0,0,0,CAN=443.674648 Rx 0 $703 D 8 26 00 00 00 19 00 00 00 
443.72564,2021-05-21 22:04:23.725,39,25,0,0,0,150,5,0,CAN=443.72564 Rx 0 $703 D 8 27 19 00 00 00 96 05 00 
443.77664,2021-05-21 22:04:23.776,40,0,151,5,0,0,151,5,CAN=443.77664 Rx 0 $703 D 8 28 00 97 05 00 00 97 05 
443.827636,2021-05-21 22:04:23.827,41,0,0,25,0,0,0,25,CAN=443.827636 Rx 0 $703 D 8 29 00 00 19 00 00 00 19 
443.878636,2021-05-21 22:04:23.878,42,0,0,0,25,0,0,0,CAN=443.878636 Rx 0 $703 D 8 2A 00 00 00 19 00 00 00 
443.983329,2021-05-21 22:04:23.983,16,76,113,0,0,65,0,0,CAN=443.983329 Rx 0 $703 D 8 10 4C 71 00 00 41 00 00 
443.984475,2021-05-21 22:04:23.984,33,0,0,16,0,0,0,9,CAN=443.984475 Rx 0 $703 D 8 21 00 00 10 00 00 00 09 
444.034628,2021-05-21 22:04:24.034,34,0,0,0,254,48,0,0,CAN=444.034628 Rx 0 $703 D 8 22 00 00 00 FE 30 00 00 
444.085614,2021-05-21 22:04:24.085,35,5,49,0,0,14,49,0,CAN=444.085614 Rx 0 $703 D 8 23 05 31 00 00 0E 31 00 
444.136614,2021-05-21 22:04:24.136,36,0,1,49,0,0,245,48,CAN=444.136614 Rx 0 $703 D 8 24 00 01 31 00 00 F5 30 
444.187612,2021-05-21 22:04:24.187,37,0,0,229,48,0,0,25,CAN=444.187612 Rx 0 $703 D 8 25 00 00 E5 30 00 00 19 
444.23861,2021-05-21 22:04:24.238,38,0,0,0,25,0,0,0,CAN=444.23861 Rx 0 $703 D 8 26 00 00 00 19 00 00 00 
444.289602,2021-05-21 22:04:24.289,39,25,0,0,0,150,5,0,CAN=444.289602 Rx 0 $703 D 8 27 19 00 00 00 96 05 00 
444.340602,2021-05-21 22:04:24.340,40,0,151,5,0,0,151,5,CAN=444.340602 Rx 0 $703 D 8 28 00 97 05 00 00 97 05 
444.391598,2021-05-21 22:04:24.391,41,0,0,25,0,0,0,25,CAN=444.391598 Rx 0 $703 D 8 29 00 00 19 00 00 00 19 
444.442598,2021-05-21 22:04:24.442,42,0,0,0,25,0,0,0,CAN=444.442598 Rx 0 $703 D 8 2A 00 00 00 19 00 00 00 
447.65308,2021-05-21 22:04:27.653,16,76,113,0,0,65,0,0,CAN=447.65308 Rx 0 $703 D 8 10 4C 71 00 00 41 00 00 
447.654456,2021-05-21 22:04:27.654,33,0,0,0,0,0,0,9,CAN=447.654456 Rx 0 $703 D 8 21 00 00 00 00 00 00 09 
447.705374,2021-05-21 22:04:27.705,34,0,0,0,22,49,0,0,CAN=447.705374 Rx 0 $703 D 8 22 00 00 00 16 31 00 00 
447.756374,2021-05-21 22:04:27.756,35,5,49,0,0,15,49,0,CAN=447.756374 Rx 0 $703 D 8 23 05 31 00 00 0F 31 00 
447.80737,2021-05-21 22:04:27.807,36,0,246,48,0,0,252,48,CAN=447.80737 Rx 0 $703 D 8 24 00 F6 30 00 00 FC 30 
447.858362,2021-05-21 22:04:27.858,37,0,0,231,48,0,0,25,CAN=447.858362 Rx 0 $703 D 8 25 00 00 E7 30 00 00 19 
447.909362,2021-05-21 22:04:27.909,38,0,0,0,25,0,0,0,CAN=447.909362 Rx 0 $703 D 8 26 00 00 00 19 00 00 00 
447.960356,2021-05-21 22:04:27.960,39,25,0,0,0,152,5,0,CAN=447.960356 Rx 0 $703 D 8 27 19 00 00 00 98 05 00 
448.011354,2021-05-21 22:04:28.011,40,0,151,5,0,0,151,5,CAN=448.011354 Rx 0 $703 D 8 28 00 97 05 00 00 97 05 
448.062349,2021-05-21 22:04:28.062,41,0,0,25,0,0,0,25,CAN=448.062349 Rx 0 $703 D 8 29 00 00 19 00 00 00 19 
448.113351,2021-05-21 22:04:28.113,42,0,0,0,25,0,0,0,CAN=448.113351 Rx 0 $703 D 8 2A 00 00 00 19 00 00 00 
448.218248,2021-05-21 22:04:28.218,16,76,113,0,0,65,0,0,CAN=448.218248 Rx 0 $703 D 8 10 4C 71 00 00 41 00 00 
448.21931,2021-05-21 22:04:28.219,33,0,0,0,0,0,0,9,CAN=448.21931 Rx 0 $703 D 8 21 00 00 00 00 00 00 09 
448.269339,2021-05-21 22:04:28.269,34,0,0,0,7,49,0,0,CAN=448.269339 Rx 0 $703 D 8 22 00 00 00 07 31 00 00 
448.32033,2021-05-21 22:04:28.320,35,253,48,0,0,12,49,0,CAN=448.32033 Rx 0 $703 D 8 23 FD 30 00 00 0C 31 00 
448.371336,2021-05-21 22:04:28.371,36,0,248,48,0,0,251,48,CAN=448.371336 Rx 0 $703 D 8 24 00 F8 30 00 00 FB 30 
448.422326,2021-05-21 22:04:28.422,37,0,0,234,48,0,0,25,CAN=448.422326 Rx 0 $703 D 8 25 00 00 EA 30 00 00 19 
448.473324,2021-05-21 22:04:28.473,38,0,0,0,25,0,0,0,CAN=448.473324 Rx 0 $703 D 8 26 00 00 00 19 00 00 00 
448.52432,2021-05-21 22:04:28.524,39,25,0,0,0,151,5,0,CAN=448.52432 Rx 0 $703 D 8 27 19 00 00 00 97 05 00 
448.575316,2021-05-21 22:04:28.575,40,0,151,5,0,0,151,5,CAN=448.575316 Rx 0 $703 D 8 28 00 97 05 00 00 97 05 
448.626313,2021-05-21 22:04:28.626,41,0,0,25,0,0,0,25,CAN=448.626313 Rx 0 $703 D 8 29 00 00 19 00 00 00 19 
448.677313,2021-05-21 22:04:28.677,42,0,0,0,25,0,0,0,CAN=448.677313 Rx 0 $703 D 8 2A 00 00 00 19 00 00 00 
448.783005,2021-05-21 22:04:28.783,16,76,113,0,0,65,0,0,CAN=448.783005 Rx 0 $703 D 8 10 4C 71 00 00 41 00 00 
448.784418,2021-05-21 22:04:28.784,33,0,0,0,0,0,0,9,CAN=448.784418 Rx 0 $703 D 8 21 00 00 00 00 00 00 09 
448.835299,2021-05-21 22:04:28.835,34,0,0,0,7,49,0,0,CAN=448.835299 Rx 0 $703 D 8 22 00 00 00 07 31 00 00 
448.886294,2021-05-21 22:04:28.886,35,253,48,0,0,12,49,0,CAN=448.886294 Rx 0 $703 D 8 23 FD 30 00 00 0C 31 00 
448.937297,2021-05-21 22:04:28.937,36,0,248,48,0,0,251,48,CAN=448.937297 Rx 0 $703 D 8 24 00 F8 30 00 00 FB 30 
448.988288,2021-05-21 22:04:28.988,37,0,0,234,48,0,0,25,CAN=448.988288 Rx 0 $703 D 8 25 00 00 EA 30 00 00 19 
449.039287,2021-05-21 22:04:29.039,38,0,0,0,25,0,0,0,CAN=449.039287 Rx 0 $703 D 8 26 00 00 00 19 00 00 00 
449.090278,2021-05-21 22:04:29.090,39,25,0,0,0,151,5,0,CAN=449.090278 Rx 0 $703 D 8 27 19 00 00 00 97 05 00 
449.141277,2021-05-21 22:04:29.141,40,0,151,5,0,0,151,5,CAN=449.141277 Rx 0 $703 D 8 28 00 97 05 00 00 97 05 
449.192273,2021-05-21 22:04:29.192,41,0,0,25,0,0,0,25,CAN=449.192273 Rx 0 $703 D 8 29 00 00 19 00 00 00 19 
449.243275,2021-05-21 22:04:29.243,42,0,0,0,25,0,0,0,CAN=449.243275 Rx 0 $703 D 8 2A 00 00 00 19 00 00 00 
452.452756,2021-05-21 22:04:32.452,16,76,113,0,0,65,88,0,CAN=452.452756 Rx 0 $703 D 8 10 4C 71 00 00 41 58 00 
452.454155,2021-05-21 22:04:32.454,33,0,0,62,0,0,0,37,CAN=452.454155 Rx 0 $703 D 8 21 00 00 3E 00 00 00 25 
452.505052,2021-05-21 22:04:32.505,34,0,0,0,236,48,0,0,CAN=452.505052 Rx 0 $703 D 8 22 00 00 00 EC 30 00 00 
452.556042,2021-05-21 22:04:32.556,35,1,49,0,0,7,49,0,CAN=452.556042 Rx 0 $703 D 8 23 01 31 00 00 07 31 00 
452.607046,2021-05-21 22:04:32.607,36,0,241,48,0,0,244,48,CAN=452.607046 Rx 0 $703 D 8 24 00 F1 30 00 00 F4 30 
452.65804,2021-05-21 22:04:32.658,37,0,0,235,48,0,0,25,CAN=452.65804 Rx 0 $703 D 8 25 00 00 EB 30 00 00 19 
452.709038,2021-05-21 22:04:32.709,38,0,0,0,25,0,0,0,CAN=452.709038 Rx 0 $703 D 8 26 00 00 00 19 00 00 00 
452.760035,2021-05-21 22:04:32.760,39,25,0,0,0,149,5,0,CAN=452.760035 Rx 0 $703 D 8 27 19 00 00 00 95 05 00 
452.81103,2021-05-21 22:04:32.811,40,0,150,5,0,0,151,5,CAN=452.81103 Rx 0 $703 D 8 28 00 96 05 00 00 97 05 
452.862026,2021-05-21 22:04:32.862,41,0,0,25,0,0,0,25,CAN=452.862026 Rx 0 $703 D 8 29 00 00 19 00 00 00 19 
452.913026,2021-05-21 22:04:32.913,42,0,0,0,25,0,0,0,CAN=452.913026 Rx 0 $703 D 8 2A 00 00 00 19 00 00 00 
453.017919,2021-05-21 22:04:33.017,16,76,113,0,0,65,88,0,CAN=453.017919 Rx 0 $703 D 8 10 4C 71 00 00 41 58 00 
453.019257,2021-05-21 22:04:33.019,33,0,0,62,0,0,0,37,CAN=453.019257 Rx 0 $703 D 8 21 00 00 3E 00 00 00 25 
453.070015,2021-05-21 22:04:33.070,34,0,0,0,249,48,0,0,CAN=453.070015 Rx 0 $703 D 8 22 00 00 00 F9 30 00 00 
453.121007,2021-05-21 22:04:33.121,35,0,49,0,0,7,49,0,CAN=453.121007 Rx 0 $703 D 8 23 00 31 00 00 07 31 00 
453.172003,2021-05-21 22:04:33.172,36,0,237,48,0,0,243,48,CAN=453.172003 Rx 0 $703 D 8 24 00 ED 30 00 00 F3 30 
453.223001,2021-05-21 22:04:33.223,37,0,0,236,48,0,0,25,CAN=453.223001 Rx 0 $703 D 8 25 00 00 EC 30 00 00 19 
453.274001,2021-05-21 22:04:33.274,38,0,0,0,25,0,0,0,CAN=453.274001 Rx 0 $703 D 8 26 00 00 00 19 00 00 00 
453.324996,2021-05-21 22:04:33.324,39,25,0,0,0,149,5,0,CAN=453.324996 Rx 0 $703 D 8 27 19 00 00 00 95 05 00 
453.375992,2021-05-21 22:04:33.375,40,0,150,5,0,0,151,5,CAN=453.375992 Rx 0 $703 D 8 28 00 96 05 00 00 97 05 
453.427095,2021-05-21 22:04:33.427,41,0,0,25,0,0,0,25,CAN=453.427095 Rx 0 $703 D 8 29 00 00 19 00 00 00 19 
453.477989,2021-05-21 22:04:33.477,42,0,0,0,25,0,0,0,CAN=453.477989 Rx 0 $703 D 8 2A 00 00 00 19 00 00 00 
453.582679,2021-05-21 22:04:33.582,16,76,113,0,0,65,88,0,CAN=453.582679 Rx 0 $703 D 8 10 4C 71 00 00 41 58 00 
453.583988,2021-05-21 22:04:33.583,33,0,0,62,0,0,0,37,CAN=453.583988 Rx 0 $703 D 8 21 00 00 3E 00 00 00 25 
453.634978,2021-05-21 22:04:33.634,34,0,0,0,249,48,0,0,CAN=453.634978 Rx 0 $703 D 8 22 00 00 00 F9 30 00 00 
453.685969,2021-05-21 22:04:33.685,35,0,49,0,0,7,49,0,CAN=453.685969 Rx 0 $703 D 8 23 00 31 00 00 07 31 00 
453.736965,2021-05-21 22:04:33.736,36,0,237,48,0,0,243,48,CAN=453.736965 Rx 0 $703 D 8 24 00 ED 30 00 00 F3 30 
453.787962,2021-05-21 22:04:33.787,37,0,0,236,48,0,0,25,CAN=453.787962 Rx 0 $703 D 8 25 00 00 EC 30 00 00 19 
453.838963,2021-05-21 22:04:33.838,38,0,0,0,25,0,0,0,CAN=453.838963 Rx 0 $703 D 8 26 00 00 00 19 00 00 00 
453.88996,2021-05-21 22:04:33.889,39,25,0,0,0,149,5,0,CAN=453.88996 Rx 0 $703 D 8 27 19 00 00 00 95 05 00 
453.940953,2021-05-21 22:04:33.940,40,0,150,5,0,0,151,5,CAN=453.940953 Rx 0 $703 D 8 28 00 96 05 00 00 97 05 
453.99195,2021-05-21 22:04:33.991,41,0,0,25,0,0,0,25,CAN=453.99195 Rx 0 $703 D 8 29 00 00 19 00 00 00 19 
454.042951,2021-05-21 22:04:34.042,42,0,0,0,25,0,0,0,CAN=454.042951 Rx 0 $703 D 8 2A 00 00 00 19 00 00 00 
457.252434,2021-05-21 22:04:37.252,16,76,113,0,0,65,0,0,CAN=457.252434 Rx 0 $703 D 8 10 4C 71 00 00 41 00 00 
457.253726,2021-05-21 22:04:37.253,33,0,0,62,0,0,0,37,CAN=457.253726 Rx 0 $703 D 8 21 00 00 3E 00 00 00 25 
457.30473,2021-05-21 22:04:37.304,34,0,0,0,27,49,0,0,CAN=457.30473 Rx 0 $703 D 8 22 00 00 00 1B 31 00 00 
457.35572,2021-05-21 22:04:37.355,35,3,49,0,0,9,49,0,CAN=457.35572 Rx 0 $703 D 8 23 03 31 00 00 09 31 00 
457.406722,2021-05-21 22:04:37.406,36,0,232,48,0,0,236,48,CAN=457.406722 Rx 0 $703 D 8 24 00 E8 30 00 00 EC 30 
457.457719,2021-05-21 22:04:37.457,37,0,0,237,48,0,0,25,CAN=457.457719 Rx 0 $703 D 8 25 00 00 ED 30 00 00 19 
457.508715,2021-05-21 22:04:37.508,38,0,0,0,25,0,0,0,CAN=457.508715 Rx 0 $703 D 8 26 00 00 00 19 00 00 00 
457.559707,2021-05-21 22:04:37.559,39,25,0,0,0,151,5,0,CAN=457.559707 Rx 0 $703 D 8 27 19 00 00 00 97 05 00 
457.610703,2021-05-21 22:04:37.610,40,0,150,5,0,0,150,5,CAN=457.610703 Rx 0 $703 D 8 28 00 96 05 00 00 96 05 
457.661703,2021-05-21 22:04:37.661,41,0,0,25,0,0,0,25,CAN=457.661703 Rx 0 $703 D 8 29 00 00 19 00 00 00 19 
457.712703,2021-05-21 22:04:37.712,42,0,0,0,25,0,0,0,CAN=457.712703 Rx 0 $703 D 8 2A 00 00 00 19 00 00 00 
457.817598,2021-05-21 22:04:37.817,16,76,113,0,0,65,0,0,CAN=457.817598 Rx 0 $703 D 8 10 4C 71 00 00 41 00 00 
457.818706,2021-05-21 22:04:37.818,33,0,0,62,0,0,0,37,CAN=457.818706 Rx 0 $703 D 8 21 00 00 3E 00 00 00 25 
457.869691,2021-05-21 22:04:37.869,34,0,0,0,27,49,0,0,CAN=457.869691 Rx 0 $703 D 8 22 00 00 00 1B 31 00 00 
457.92068,2021-05-21 22:04:37.920,35,3,49,0,0,9,49,0,CAN=457.92068 Rx 0 $703 D 8 23 03 31 00 00 09 31 00 
457.971685,2021-05-21 22:04:37.971,36,0,232,48,0,0,236,48,CAN=457.971685 Rx 0 $703 D 8 24 00 E8 30 00 00 EC 30 
458.02268,2021-05-21 22:04:38.022,37,0,0,237,48,0,0,25,CAN=458.02268 Rx 0 $703 D 8 25 00 00 ED 30 00 00 19 
458.073677,2021-05-21 22:04:38.073,38,0,0,0,25,0,0,0,CAN=458.073677 Rx 0 $703 D 8 26 00 00 00 19 00 00 00 
458.124668,2021-05-21 22:04:38.124,39,25,0,0,0,151,5,0,CAN=458.124668 Rx 0 $703 D 8 27 19 00 00 00 97 05 00 
458.175667,2021-05-21 22:04:38.175,40,0,150,5,0,0,150,5,CAN=458.175667 Rx 0 $703 D 8 28 00 96 05 00 00 96 05 
458.226783,2021-05-21 22:04:38.226,41,0,0,25,0,0,0,25,CAN=458.226783 Rx 0 $703 D 8 29 00 00 19 00 00 00 19 
458.277665,2021-05-21 22:04:38.277,42,0,0,0,25,0,0,0,CAN=458.277665 Rx 0 $703 D 8 2A 00 00 00 19 00 00 00 
458.382357,2021-05-21 22:04:38.382,16,76,113,0,0,65,0,0,CAN=458.382357 Rx 0 $703 D 8 10 4C 71 00 00 41 00 00 
458.383934,2021-05-21 22:04:38.383,33,0,0,62,0,0,0,37,CAN=458.383934 Rx 0 $703 D 8 21 00 00 3E 00 00 00 25 
458.43465,2021-05-21 22:04:38.434,34,0,0,0,19,49,0,0,CAN=458.43465 Rx 0 $703 D 8 22 00 00 00 13 31 00 00 
458.485644,2021-05-21 22:04:38.485,35,6,49,0,0,7,49,0,CAN=458.485644 Rx 0 $703 D 8 23 06 31 00 00 07 31 00 
458.536646,2021-05-21 22:04:38.536,36,0,240,48,0,0,238,48,CAN=458.536646 Rx 0 $703 D 8 24 00 F0 30 00 00 EE 30 
458.587642,2021-05-21 22:04:38.587,37,0,0,237,48,0,0,25,CAN=458.587642 Rx 0 $703 D 8 25 00 00 ED 30 00 00 19 
458.638638,2021-05-21 22:04:38.638,38,0,0,0,25,0,0,0,CAN=458.638638 Rx 0 $703 D 8 26 00 00 00 19 00 00 00 
458.68963,2021-05-21 22:04:38.689,39,25,0,0,0,151,5,0,CAN=458.68963 Rx 0 $703 D 8 27 19 00 00 00 97 05 00 
458.740628,2021-05-21 22:04:38.740,40,0,150,5,0,0,150,5,CAN=458.740628 Rx 0 $703 D 8 28 00 96 05 00 00 96 05 
458.791626,2021-05-21 22:04:38.791,41,0,0,25,0,0,0,25,CAN=458.791626 Rx 0 $703 D 8 29 00 00 19 00 00 00 19 
458.842628,2021-05-21 22:04:38.842,42,0,0,0,25,0,0,0,CAN=458.842628 Rx 0 $703 D 8 2A 00 00 00 19 00 00 00 
462.052112,2021-05-21 22:04:42.052,16,76,113,0,0,65,0,0,CAN=462.052112 Rx 0 $703 D 8 10 4C 71 00 00 41 00 00 
462.053673,2021-05-21 22:04:42.053,33,0,0,0,0,0,0,37,CAN=462.053673 Rx 0 $703 D 8 21 00 00 00 00 00 00 25 
462.104412,2021-05-21 22:04:42.104,34,0,0,0,248,48,0,0,CAN=462.104412 Rx 0 $703 D 8 22 00 00 00 F8 30 00 00 
462.155398,2021-05-21 22:04:42.155,35,9,49,0,0,5,49,0,CAN=462.155398 Rx 0 $703 D 8 23 09 31 00 00 05 31 00 
462.206394,2021-05-21 22:04:42.206,36,0,226,48,0,0,229,48,CAN=462.206394 Rx 0 $703 D 8 24 00 E2 30 00 00 E5 30 
462.257394,2021-05-21 22:04:42.257,37,0,0,237,48,0,0,25,CAN=462.257394 Rx 0 $703 D 8 25 00 00 ED 30 00 00 19 
462.308392,2021-05-21 22:04:42.308,38,0,0,0,25,0,0,0,CAN=462.308392 Rx 0 $703 D 8 26 00 00 00 19 00 00 00 
462.359384,2021-05-21 22:04:42.359,39,25,0,0,0,150,5,0,CAN=462.359384 Rx 0 $703 D 8 27 19 00 00 00 96 05 00 
462.41038,2021-05-21 22:04:42.410,40,0,150,5,0,0,150,5,CAN=462.41038 Rx 0 $703 D 8 28 00 96 05 00 00 96 05 
462.461379,2021-05-21 22:04:42.461,41,0,0,25,0,0,0,25,CAN=462.461379 Rx 0 $703 D 8 29 00 00 19 00 00 00 19 
462.512379,2021-05-21 22:04:42.512,42,0,0,0,25,0,0,0,CAN=462.512379 Rx 0 $703 D 8 2A 00 00 00 19 00 00 00 
462.617276,2021-05-21 22:04:42.617,16,76,113,0,0,65,0,0,CAN=462.617276 Rx 0 $703 D 8 10 4C 71 00 00 41 00 00 
462.618524,2021-05-21 22:04:42.618,33,0,0,0,0,0,0,37,CAN=462.618524 Rx 0 $703 D 8 21 00 00 00 00 00 00 25 
462.669374,2021-05-21 22:04:42.669,34,0,0,0,248,48,0,0,CAN=462.669374 Rx 0 $703 D 8 22 00 00 00 F8 30 00 00 
462.72036,2021-05-21 22:04:42.720,35,9,49,0,0,5,49,0,CAN=462.72036 Rx 0 $703 D 8 23 09 31 00 00 05 31 00 
462.771356,2021-05-21 22:04:42.771,36,0,226,48,0,0,229,48,CAN=462.771356 Rx 0 $703 D 8 24 00 E2 30 00 00 E5 30 
462.822356,2021-05-21 22:04:42.822,37,0,0,237,48,0,0,25,CAN=462.822356 Rx 0 $703 D 8 25 00 00 ED 30 00 00 19 
462.873352,2021-05-21 22:04:42.873,38,0,0,0,25,0,0,0,CAN=462.873352 Rx 0 $703 D 8 26 00 00 00 19 00 00 00 
462.924346,2021-05-21 22:04:42.924,39,25,0,0,0,150,5,0,CAN=462.924346 Rx 0 $703 D 8 27 19 00 00 00 96 05 00 
462.975342,2021-05-21 22:04:42.975,40,0,150,5,0,0,150,5,CAN=462.975342 Rx 0 $703 D 8 28 00 96 05 00 00 96 05 
463.026341,2021-05-21 22:04:43.026,41,0,0,25,0,0,0,25,CAN=463.026341 Rx 0 $703 D 8 29 00 00 19 00 00 00 19 
463.077341,2021-05-21 22:04:43.077,42,0,0,0,25,0,0,0,CAN=463.077341 Rx 0 $703 D 8 2A 00 00 00 19 00 00 00 
463.182033,2021-05-21 22:04:43.182,16,76,113,0,0,65,0,0,CAN=463.182033 Rx 0 $703 D 8 10 4C 71 00 00 41 00 00 
463.183263,2021-05-21 22:04:43.183,33,0,0,0,0,0,0,37,CAN=463.183263 Rx 0 $703 D 8 21 00 00 00 00 00 00 25 
463.233329,2021-05-21 22:04:43.233,34,0,0,0,1,49,0,0,CAN=463.233329 Rx 0 $703 D 8 22 00 00 00 01 31 00 00 
463.284319,2021-05-21 22:04:43.284,35,10,49,0,0,4,49,0,CAN=463.284319 Rx 0 $703 D 8 23 0A 31 00 00 04 31 00 
463.335318,2021-05-21 22:04:43.335,36,0,221,48,0,0,230,48,CAN=463.335318 Rx 0 $703 D 8 24 00 DD 30 00 00 E6 30 
463.386314,2021-05-21 22:04:43.386,37,0,0,236,48,0,0,25,CAN=463.386314 Rx 0 $703 D 8 25 00 00 EC 30 00 00 19 
463.437314,2021-05-21 22:04:43.437,38,0,0,0,25,0,0,0,CAN=463.437314 Rx 0 $703 D 8 26 00 00 00 19 00 00 00 
463.488307,2021-05-21 22:04:43.488,39,25,0,0,0,150,5,0,CAN=463.488307 Rx 0 $703 D 8 27 19 00 00 00 96 05 00 
463.539304,2021-05-21 22:04:43.539,40,0,151,5,0,0,150,5,CAN=463.539304 Rx 0 $703 D 8 28 00 97 05 00 00 96 05 
463.590302,2021-05-21 22:04:43.590,41,0,0,25,0,0,0,25,CAN=463.590302 Rx 0 $703 D 8 29 00 00 19 00 00 00 19 
463.641303,2021-05-21 22:04:43.641,42,0,0,0,25,0,0,0,CAN=463.641303 Rx 0 $703 D 8 2A 00 00 00 19 00 00 00 
469.951577,2021-05-21 22:04:49.951,16,76,113,0,0,65,0,0,CAN=469.951577 Rx 0 $703 D 8 10 4C 71 00 00 41 00 00 
469.952757,2021-05-21 22:04:49.952,33,0,0,0,0,0,0,36,CAN=469.952757 Rx 0 $703 D 8 21 00 00 00 00 00 00 24 
470.002872,2021-05-21 22:04:50.002,34,0,0,0,29,49,0,0,CAN=470.002872 Rx 0 $703 D 8 22 00 00 00 1D 31 00 00 
470.053861,2021-05-21 22:04:50.053,35,26,49,0,0,11,49,0,CAN=470.053861 Rx 0 $703 D 8 23 1A 31 00 00 0B 31 00 
470.104861,2021-05-21 22:04:50.104,36,0,219,48,0,0,224,48,CAN=470.104861 Rx 0 $703 D 8 24 00 DB 30 00 00 E0 30 
470.155861,2021-05-21 22:04:50.155,37,0,0,234,48,0,0,25,CAN=470.155861 Rx 0 $703 D 8 25 00 00 EA 30 00 00 19 
470.206883,2021-05-21 22:04:50.206,38,0,0,0,25,0,0,0,CAN=470.206883 Rx 0 $703 D 8 26 00 00 00 19 00 00 00 
470.257851,2021-05-21 22:04:50.257,39,25,0,0,0,151,5,0,CAN=470.257851 Rx 0 $703 D 8 27 19 00 00 00 97 05 00 
470.308847,2021-05-21 22:04:50.308,40,0,151,5,0,0,150,5,CAN=470.308847 Rx 0 $703 D 8 28 00 97 05 00 00 96 05 
470.359846,2021-05-21 22:04:50.359,41,0,0,25,0,0,0,25,CAN=470.359846 Rx 0 $703 D 8 29 00 00 19 00 00 00 19 
470.410846,2021-05-21 22:04:50.410,42,0,0,0,25,0,0,0,CAN=470.410846 Rx 0 $703 D 8 2A 00 00 00 19 00 00 00 
470.516745,2021-05-21 22:04:50.516,16,76,113,0,0,65,0,0,CAN=470.516745 Rx 0 $703 D 8 10 4C 71 00 00 41 00 00 
470.517729,2021-05-21 22:04:50.517,33,0,0,0,0,0,0,36,CAN=470.517729 Rx 0 $703 D 8 21 00 00 00 00 00 00 24 
470.567834,2021-05-21 22:04:50.567,34,0,0,0,29,49,0,0,CAN=470.567834 Rx 0 $703 D 8 22 00 00 00 1D 31 00 00 
470.618823,2021-05-21 22:04:50.618,35,26,49,0,0,11,49,0,CAN=470.618823 Rx 0 $703 D 8 23 1A 31 00 00 0B 31 00 
470.669824,2021-05-21 22:04:50.669,36,0,219,48,0,0,224,48,CAN=470.669824 Rx 0 $703 D 8 24 00 DB 30 00 00 E0 30 
470.720822,2021-05-21 22:04:50.720,37,0,0,234,48,0,0,25,CAN=470.720822 Rx 0 $703 D 8 25 00 00 EA 30 00 00 19 
470.771821,2021-05-21 22:04:50.771,38,0,0,0,25,0,0,0,CAN=470.771821 Rx 0 $703 D 8 26 00 00 00 19 00 00 00 
470.822813,2021-05-21 22:04:50.822,39,25,0,0,0,151,5,0,CAN=470.822813 Rx 0 $703 D 8 27 19 00 00 00 97 05 00 
470.873811,2021-05-21 22:04:50.873,40,0,151,5,0,0,150,5,CAN=470.873811 Rx 0 $703 D 8 28 00 97 05 00 00 96 05 
470.924808,2021-05-21 22:04:50.924,41,0,0,25,0,0,0,25,CAN=470.924808 Rx 0 $703 D 8 29 00 00 19 00 00 00 19 
470.975809,2021-05-21 22:04:50.975,42,0,0,0,25,0,0,0,CAN=470.975809 Rx 0 $703 D 8 2A 00 00 00 19 00 00 00 
471.0815,2021-05-21 22:04:51.081,16,76,113,0,0,65,0,0,CAN=471.0815 Rx 0 $703 D 8 10 4C 71 00 00 41 00 00 
471.082717,2021-05-21 22:04:51.082,33,0,0,0,0,0,0,36,CAN=471.082717 Rx 0 $703 D 8 21 00 00 00 00 00 00 24 
471.132796,2021-05-21 22:04:51.132,34,0,0,0,21,49,0,0,CAN=471.132796 Rx 0 $703 D 8 22 00 00 00 15 31 00 00 
471.183785,2021-05-21 22:04:51.183,35,30,49,0,0,13,49,0,CAN=471.183785 Rx 0 $703 D 8 23 1E 31 00 00 0D 31 00 
471.234789,2021-05-21 22:04:51.234,36,0,224,48,0,0,224,48,CAN=471.234789 Rx 0 $703 D 8 24 00 E0 30 00 00 E0 30 
471.285782,2021-05-21 22:04:51.285,37,0,0,233,48,0,0,25,CAN=471.285782 Rx 0 $703 D 8 25 00 00 E9 30 00 00 19 
471.336783,2021-05-21 22:04:51.336,38,0,0,0,25,0,0,0,CAN=471.336783 Rx 0 $703 D 8 26 00 00 00 19 00 00 00 
471.387774,2021-05-21 22:04:51.387,39,25,0,0,0,151,5,0,CAN=471.387774 Rx 0 $703 D 8 27 19 00 00 00 97 05 00 
471.438771,2021-05-21 22:04:51.438,40,0,151,5,0,0,150,5,CAN=471.438771 Rx 0 $703 D 8 28 00 97 05 00 00 96 05 
471.48977,2021-05-21 22:04:51.489,41,0,0,25,0,0,0,25,CAN=471.48977 Rx 0 $703 D 8 29 00 00 19 00 00 00 19 
471.54077,2021-05-21 22:04:51.540,42,0,0,0,25,0,0,0,CAN=471.54077 Rx 0 $703 D 8 2A 00 00 00 19 00 00 00 
474.751254,2021-05-21 22:04:54.751,16,76,113,0,0,65,0,0,CAN=474.751254 Rx 0 $703 D 8 10 4C 71 00 00 41 00 00 
474.752694,2021-05-21 22:04:54.752,33,0,0,0,0,0,0,36,CAN=474.752694 Rx 0 $703 D 8 21 00 00 00 00 00 00 24 
474.803553,2021-05-21 22:04:54.803,34,0,0,0,2,49,0,0,CAN=474.803553 Rx 0 $703 D 8 22 00 00 00 02 31 00 00 
474.854544,2021-05-21 22:04:54.854,35,21,49,0,0,11,49,0,CAN=474.854544 Rx 0 $703 D 8 23 15 31 00 00 0B 31 00 
474.905538,2021-05-21 22:04:54.905,36,0,235,48,0,0,226,48,CAN=474.905538 Rx 0 $703 D 8 24 00 EB 30 00 00 E2 30 
474.956533,2021-05-21 22:04:54.956,37,0,0,231,48,0,0,25,CAN=474.956533 Rx 0 $703 D 8 25 00 00 E7 30 00 00 19 
475.007534,2021-05-21 22:04:55.007,38,0,0,0,25,0,0,0,CAN=475.007534 Rx 0 $703 D 8 26 00 00 00 19 00 00 00 
475.058526,2021-05-21 22:04:55.058,39,25,0,0,0,150,5,0,CAN=475.058526 Rx 0 $703 D 8 27 19 00 00 00 96 05 00 
475.109523,2021-05-21 22:04:55.109,40,0,151,5,0,0,150,5,CAN=475.109523 Rx 0 $703 D 8 28 00 97 05 00 00 96 05 
475.160521,2021-05-21 22:04:55.160,41,0,0,25,0,0,0,25,CAN=475.160521 Rx 0 $703 D 8 29 00 00 19 00 00 00 19 
475.211522,2021-05-21 22:04:55.211,42,0,0,0,25,0,0,0,CAN=475.211522 Rx 0 $703 D 8 2A 00 00 00 19 00 00 00 
475.316409,2021-05-21 22:04:55.316,16,76,113,0,0,65,0,0,CAN=475.316409 Rx 0 $703 D 8 10 4C 71 00 00 41 00 00 
475.317672,2021-05-21 22:04:55.317,33,0,0,0,0,0,0,36,CAN=475.317672 Rx 0 $703 D 8 21 00 00 00 00 00 00 24 
475.368511,2021-05-21 22:04:55.368,34,0,0,0,7,49,0,0,CAN=475.368511 Rx 0 $703 D 8 22 00 00 00 07 31 00 00 
475.419501,2021-05-21 22:04:55.419,35,18,49,0,0,11,49,0,CAN=475.419501 Rx 0 $703 D 8 23 12 31 00 00 0B 31 00 
475.470501,2021-05-21 22:04:55.470,36,0,223,48,0,0,221,48,CAN=475.470501 Rx 0 $703 D 8 24 00 DF 30 00 00 DD 30 
475.521499,2021-05-21 22:04:55.521,37,0,0,229,48,0,0,25,CAN=475.521499 Rx 0 $703 D 8 25 00 00 E5 30 00 00 19 
475.572496,2021-05-21 22:04:55.572,38,0,0,0,25,0,0,0,CAN=475.572496 Rx 0 $703 D 8 26 00 00 00 19 00 00 00 
475.623488,2021-05-21 22:04:55.623,39,25,0,0,0,150,5,0,CAN=475.623488 Rx 0 $703 D 8 27 19 00 00 00 96 05 00 
475.674485,2021-05-21 22:04:55.674,40,0,151,5,0,0,150,5,CAN=475.674485 Rx 0 $703 D 8 28 00 97 05 00 00 96 05 
475.725483,2021-05-21 22:04:55.725,41,0,0,25,0,0,0,25,CAN=475.725483 Rx 0 $703 D 8 29 00 00 19 00 00 00 19 
475.776484,2021-05-21 22:04:55.776,42,0,0,0,25,0,0,0,CAN=475.776484 Rx 0 $703 D 8 2A 00 00 00 19 00 00 00 
475.881176,2021-05-21 22:04:55.881,16,76,113,0,0,65,0,0,CAN=475.881176 Rx 0 $703 D 8 10 4C 71 00 00 41 00 00 
475.88265,2021-05-21 22:04:55.882,33,0,0,0,0,0,0,36,CAN=475.88265 Rx 0 $703 D 8 21 00 00 00 00 00 00 24 
475.933473,2021-05-21 22:04:55.933,34,0,0,0,7,49,0,0,CAN=475.933473 Rx 0 $703 D 8 22 00 00 00 07 31 00 00 
475.984464,2021-05-21 22:04:55.984,35,18,49,0,0,11,49,0,CAN=475.984464 Rx 0 $703 D 8 23 12 31 00 00 0B 31 00 
476.035462,2021-05-21 22:04:56.035,36,0,223,48,0,0,221,48,CAN=476.035462 Rx 0 $703 D 8 24 00 DF 30 00 00 DD 30 
476.086459,2021-05-21 22:04:56.086,37,0,0,229,48,0,0,25,CAN=476.086459 Rx 0 $703 D 8 25 00 00 E5 30 00 00 19 
476.137458,2021-05-21 22:04:56.137,38,0,0,0,25,0,0,0,CAN=476.137458 Rx 0 $703 D 8 26 00 00 00 19 00 00 00 
476.188451,2021-05-21 22:04:56.188,39,25,0,0,0,150,5,0,CAN=476.188451 Rx 0 $703 D 8 27 19 00 00 00 96 05 00 
476.239447,2021-05-21 22:04:56.239,40,0,151,5,0,0,150,5,CAN=476.239447 Rx 0 $703 D 8 28 00 97 05 00 00 96 05 
476.290446,2021-05-21 22:04:56.290,41,0,0,25,0,0,0,25,CAN=476.290446 Rx 0 $703 D 8 29 00 00 19 00 00 00 19 
476.341447,2021-05-21 22:04:56.341,42,0,0,0,25,0,0,0,CAN=476.341447 Rx 0 $703 D 8 2A 00 00 00 19 00 00 00 
479.55093,2021-05-21 22:04:59.550,16,76,113,0,0,65,0,0,CAN=479.55093 Rx 0 $703 D 8 10 4C 71 00 00 41 00 00 
479.552263,2021-05-21 22:04:59.552,33,0,0,0,0,0,0,36,CAN=479.552263 Rx 0 $703 D 8 21 00 00 00 00 00 00 24 
479.603225,2021-05-21 22:04:59.603,34,0,0,0,29,49,0,0,CAN=479.603225 Rx 0 $703 D 8 22 00 00 00 1D 31 00 00 
479.654212,2021-05-21 22:04:59.654,35,15,49,0,0,16,49,0,CAN=479.654212 Rx 0 $703 D 8 23 0F 31 00 00 10 31 00 
479.705214,2021-05-21 22:04:59.705,36,0,198,48,0,0,216,48,CAN=479.705214 Rx 0 $703 D 8 24 00 C6 30 00 00 D8 30 
479.756216,2021-05-21 22:04:59.756,37,0,0,224,48,0,0,25,CAN=479.756216 Rx 0 $703 D 8 25 00 00 E0 30 00 00 19 
479.80721,2021-05-21 22:04:59.807,38,0,0,0,25,0,0,0,CAN=479.80721 Rx 0 $703 D 8 26 00 00 00 19 00 00 00 
479.858205,2021-05-21 22:04:59.858,39,25,0,0,0,152,5,0,CAN=479.858205 Rx 0 $703 D 8 27 19 00 00 00 98 05 00 
479.909202,2021-05-21 22:04:59.909,40,0,151,5,0,0,151,5,CAN=479.909202 Rx 0 $703 D 8 28 00 97 05 00 00 97 05 
479.960199,2021-05-21 22:04:59.960,41,0,0,25,0,0,0,25,CAN=479.960199 Rx 0 $703 D 8 29 00 00 19 00 00 00 19 
480.011199,2021-05-21 22:05:00.011,42,0,0,0,25,0,0,0,CAN=480.011199 Rx 0 $703 D 8 2A 00 00 00 19 00 00 00 
480.116097,2021-05-21 22:05:00.116,16,76,113,0,0,65,0,0,CAN=480.116097 Rx 0 $703 D 8 10 4C 71 00 00 41 00 00 
480.117497,2021-05-21 22:05:00.117,33,0,0,0,0,0,0,31,CAN=480.117497 Rx 0 $703 D 8 21 00 00 00 00 00 00 1F 
480.168186,2021-05-21 22:05:00.168,34,0,0,0,23,49,0,0,CAN=480.168186 Rx 0 $703 D 8 22 00 00 00 17 31 00 00 
480.219175,2021-05-21 22:05:00.219,35,15,49,0,0,16,49,0,CAN=480.219175 Rx 0 $703 D 8 23 0F 31 00 00 10 31 00 
480.270178,2021-05-21 22:05:00.270,36,0,205,48,0,0,214,48,CAN=480.270178 Rx 0 $703 D 8 24 00 CD 30 00 00 D6 30 
480.321174,2021-05-21 22:05:00.321,37,0,0,223,48,0,0,25,CAN=480.321174 Rx 0 $703 D 8 25 00 00 DF 30 00 00 19 
480.372173,2021-05-21 22:05:00.372,38,0,0,0,25,0,0,0,CAN=480.372173 Rx 0 $703 D 8 26 00 00 00 19 00 00 00 
480.423168,2021-05-21 22:05:00.423,39,25,0,0,0,152,5,0,CAN=480.423168 Rx 0 $703 D 8 27 19 00 00 00 98 05 00 
480.474163,2021-05-21 22:05:00.474,40,0,151,5,0,0,151,5,CAN=480.474163 Rx 0 $703 D 8 28 00 97 05 00 00 97 05 
480.52516,2021-05-21 22:05:00.525,41,0,0,25,0,0,0,25,CAN=480.52516 Rx 0 $703 D 8 29 00 00 19 00 00 00 19 
480.576161,2021-05-21 22:05:00.576,42,0,0,0,25,0,0,0,CAN=480.576161 Rx 0 $703 D 8 2A 00 00 00 19 00 00 00 
